audit_size,adaptive_query_count,zcdp_rho_budget,score_dimension,method,population_gradient_bias_mean,clean_gradient_cosine_mean,false_positive_direction_rate,usable_release_rounds_mean,privacy_rho_spent_mean
128,10,0.1,2,H001_single_query_correction,0.027660222634079985,0.9738322854366072,0.0,10.0,0.0
128,10,0.1,2,disjoint_sample_splitting,0.05932914022551057,0.759498256258794,0.05,4.0,0.0
128,10,0.1,2,fresh_audit_oracle,0.0,1.0,0.0,10.0,0.0
128,10,0.1,2,generic_holdout_binary_release,0.058163733959722574,0.38471883582697713,0.6,10.0,0.0
128,10,0.1,2,naive_exact_audit_reuse,0.030237801009290067,0.9607104789808091,0.0,10.0,0.0
128,10,0.1,2,once_trained_private_reward_model,0.34380578695552316,0.44584245334573797,0.27999999999999997,10.0,0.0
128,10,0.1,2,privacy_stable_reusable_audit_gradient,0.15185015647494277,0.3140747511273493,0.27999999999999997,10.0,0.09999999999999999
128,10,0.1,2,reusable_holdout_thresholdout,0.03650133392522461,0.9483173747053527,0.0,10.0,0.0
128,10,0.1,8,H001_single_query_correction,0.012966822149780847,0.9874558241914075,0.0,10.0,0.0
128,10,0.1,8,disjoint_sample_splitting,0.028885360235389596,0.9428544218270456,0.0,4.0,0.0
128,10,0.1,8,fresh_audit_oracle,0.0,1.0,0.0,10.0,0.0
128,10,0.1,8,generic_holdout_binary_release,0.026502852053904197,0.9097025389314665,0.06,10.0,0.0
128,10,0.1,8,naive_exact_audit_reuse,0.018811164952548615,0.9762840673680506,0.0,10.0,0.0
128,10,0.1,8,once_trained_private_reward_model,0.7535356550680297,0.24190293468875748,0.2,10.0,0.0
128,10,0.1,8,privacy_stable_reusable_audit_gradient,0.3139632980893311,0.2836714098424158,0.24,10.0,0.09999999999999999
128,10,0.1,8,reusable_holdout_thresholdout,0.02421960655491298,0.9627642823459626,0.0,10.0,0.0
128,10,0.1,32,H001_single_query_correction,0.008503364840532938,0.9945069208503032,0.0,10.0,0.0
128,10,0.1,32,disjoint_sample_splitting,0.01757129266167968,0.9758359060568316,0.0,4.0,0.0
128,10,0.1,32,fresh_audit_oracle,0.0,1.0,0.0,10.0,0.0
128,10,0.1,32,generic_holdout_binary_release,0.012595148812610351,0.9881971287807181,0.0,10.0,0.0
128,10,0.1,32,naive_exact_audit_reuse,0.0090295497500935,0.9937328024130035,0.0,10.0,0.0
128,10,0.1,32,once_trained_private_reward_model,1.5359016360089612,0.07027354033808357,0.42000000000000004,10.0,0.0
128,10,0.1,32,privacy_stable_reusable_audit_gradient,0.6164352660049379,0.08962238953337835,0.24000000000000005,10.0,0.09999999999999999
128,10,0.1,32,reusable_holdout_thresholdout,0.012595148812610351,0.9881971287807181,0.0,10.0,0.0
128,10,0.3,2,H001_single_query_correction,0.027660222634079985,0.9738322854366072,0.0,10.0,0.0
128,10,0.3,2,disjoint_sample_splitting,0.05932914022551057,0.759498256258794,0.05,4.0,0.0
128,10,0.3,2,fresh_audit_oracle,0.0,1.0,0.0,10.0,0.0
128,10,0.3,2,generic_holdout_binary_release,0.058163733959722574,0.38471883582697713,0.6,10.0,0.0
128,10,0.3,2,naive_exact_audit_reuse,0.030237801009290067,0.9607104789808091,0.0,10.0,0.0
128,10,0.3,2,once_trained_private_reward_model,0.1711796636077922,0.22517811482349476,0.32,10.0,0.0
128,10,0.3,2,privacy_stable_reusable_audit_gradient,0.0893955873586002,0.6418701528613566,0.12000000000000002,10.0,0.30000000000000004
128,10,0.3,2,reusable_holdout_thresholdout,0.036504927512394245,0.9307805286908177,0.0,10.0,0.0
128,10,0.3,8,H001_single_query_correction,0.012966822149780847,0.9874558241914075,0.0,10.0,0.0
128,10,0.3,8,disjoint_sample_splitting,0.028885360235389596,0.9428544218270456,0.0,4.0,0.0
128,10,0.3,8,fresh_audit_oracle,0.0,1.0,0.0,10.0,0.0
128,10,0.3,8,generic_holdout_binary_release,0.026502852053904197,0.9097025389314665,0.06,10.0,0.0
128,10,0.3,8,naive_exact_audit_reuse,0.018811164952548615,0.9762840673680506,0.0,10.0,0.0
128,10,0.3,8,once_trained_private_reward_model,0.4692925663891677,0.08342648347956443,0.34,10.0,0.0
128,10,0.3,8,privacy_stable_reusable_audit_gradient,0.17345695294547808,0.3853174844931748,0.18000000000000002,10.0,0.30000000000000004
128,10,0.3,8,reusable_holdout_thresholdout,0.024178592955052335,0.963806129424656,0.0,10.0,0.0
128,10,0.3,32,H001_single_query_correction,0.008503364840532938,0.9945069208503032,0.0,10.0,0.0
128,10,0.3,32,disjoint_sample_splitting,0.01757129266167968,0.9758359060568316,0.0,4.0,0.0
128,10,0.3,32,fresh_audit_oracle,0.0,1.0,0.0,10.0,0.0
128,10,0.3,32,generic_holdout_binary_release,0.012595148812610351,0.9881971287807181,0.0,10.0,0.0
128,10,0.3,32,naive_exact_audit_reuse,0.0090295497500935,0.9937328024130035,0.0,10.0,0.0
128,10,0.3,32,once_trained_private_reward_model,0.9721888616898949,0.1013416909377021,0.26,10.0,0.0
128,10,0.3,32,privacy_stable_reusable_audit_gradient,0.36544853954542933,0.20498822738197386,0.14,10.0,0.30000000000000004
128,10,0.3,32,reusable_holdout_thresholdout,0.012595148812610351,0.9881971287807181,0.0,10.0,0.0
128,10,1.0,2,H001_single_query_correction,0.027660222634079985,0.9738322854366072,0.0,10.0,0.0
128,10,1.0,2,disjoint_sample_splitting,0.05932914022551057,0.759498256258794,0.05,4.0,0.0
128,10,1.0,2,fresh_audit_oracle,0.0,1.0,0.0,10.0,0.0
128,10,1.0,2,generic_holdout_binary_release,0.058163733959722574,0.38471883582697713,0.6,10.0,0.0
128,10,1.0,2,naive_exact_audit_reuse,0.030237801009290067,0.9607104789808091,0.0,10.0,0.0
128,10,1.0,2,once_trained_private_reward_model,0.10343689251045643,0.6173568019967586,0.12,10.0,0.0
128,10,1.0,2,privacy_stable_reusable_audit_gradient,0.04726420280596868,0.8696317293182048,0.0,10.0,0.9999999999999998
128,10,1.0,2,reusable_holdout_thresholdout,0.03549597266860162,0.9443751497524431,0.0,10.0,0.0
128,10,1.0,8,H001_single_query_correction,0.012966822149780847,0.9874558241914075,0.0,10.0,0.0
128,10,1.0,8,disjoint_sample_splitting,0.028885360235389596,0.9428544218270456,0.0,4.0,0.0
128,10,1.0,8,fresh_audit_oracle,0.0,1.0,0.0,10.0,0.0
128,10,1.0,8,generic_holdout_binary_release,0.026502852053904197,0.9097025389314665,0.06,10.0,0.0
128,10,1.0,8,naive_exact_audit_reuse,0.018811164952548615,0.9762840673680506,0.0,10.0,0.0
128,10,1.0,8,once_trained_private_reward_model,0.21554120911692493,0.3847530407492993,0.04,10.0,0.0
128,10,1.0,8,privacy_stable_reusable_audit_gradient,0.09549859023715856,0.6257225149445439,0.0,10.0,0.9999999999999998
128,10,1.0,8,reusable_holdout_thresholdout,0.022884661281128777,0.9667424986062378,0.0,10.0,0.0
128,10,1.0,32,H001_single_query_correction,0.008503364840532938,0.9945069208503032,0.0,10.0,0.0
128,10,1.0,32,disjoint_sample_splitting,0.01757129266167968,0.9758359060568316,0.0,4.0,0.0
128,10,1.0,32,fresh_audit_oracle,0.0,1.0,0.0,10.0,0.0
128,10,1.0,32,generic_holdout_binary_release,0.012595148812610351,0.9881971287807181,0.0,10.0,0.0
128,10,1.0,32,naive_exact_audit_reuse,0.0090295497500935,0.9937328024130035,0.0,10.0,0.0
128,10,1.0,32,once_trained_private_reward_model,0.49929262853832074,0.12735061208849924,0.26,10.0,0.0
128,10,1.0,32,privacy_stable_reusable_audit_gradient,0.19021789299708675,0.38441136447076046,0.02,10.0,0.9999999999999998
128,10,1.0,32,reusable_holdout_thresholdout,0.012595148812610351,0.9881971287807181,0.0,10.0,0.0
128,10,3.0,2,H001_single_query_correction,0.027660222634079985,0.9738322854366072,0.0,10.0,0.0
128,10,3.0,2,disjoint_sample_splitting,0.05932914022551057,0.759498256258794,0.05,4.0,0.0
128,10,3.0,2,fresh_audit_oracle,0.0,1.0,0.0,10.0,0.0
128,10,3.0,2,generic_holdout_binary_release,0.058163733959722574,0.38471883582697713,0.6,10.0,0.0
128,10,3.0,2,naive_exact_audit_reuse,0.030237801009290067,0.9607104789808091,0.0,10.0,0.0
128,10,3.0,2,once_trained_private_reward_model,0.07099449148677915,0.6152248187868079,0.18000000000000002,10.0,0.0
128,10,3.0,2,privacy_stable_reusable_audit_gradient,0.03790180607688419,0.9286718987029514,0.0,10.0,2.9999999999999996
128,10,3.0,2,reusable_holdout_thresholdout,0.03576245181736508,0.9399247289812038,0.0,10.0,0.0
128,10,3.0,8,H001_single_query_correction,0.012966822149780847,0.9874558241914075,0.0,10.0,0.0
128,10,3.0,8,disjoint_sample_splitting,0.028885360235389596,0.9428544218270456,0.0,4.0,0.0
128,10,3.0,8,fresh_audit_oracle,0.0,1.0,0.0,10.0,0.0
128,10,3.0,8,generic_holdout_binary_release,0.026502852053904197,0.9097025389314665,0.06,10.0,0.0
128,10,3.0,8,naive_exact_audit_reuse,0.018811164952548615,0.9762840673680506,0.0,10.0,0.0
128,10,3.0,8,once_trained_private_reward_model,0.14247838389634754,0.5398360437189678,0.04,10.0,0.0
128,10,3.0,8,privacy_stable_reusable_audit_gradient,0.05323249728506535,0.833170981617695,0.0,10.0,2.9999999999999996
128,10,3.0,8,reusable_holdout_thresholdout,0.024797340683975082,0.9629075891739252,0.0,10.0,0.0
128,10,3.0,32,H001_single_query_correction,0.008503364840532938,0.9945069208503032,0.0,10.0,0.0
128,10,3.0,32,disjoint_sample_splitting,0.01757129266167968,0.9758359060568316,0.0,4.0,0.0
128,10,3.0,32,fresh_audit_oracle,0.0,1.0,0.0,10.0,0.0
128,10,3.0,32,generic_holdout_binary_release,0.012595148812610351,0.9881971287807181,0.0,10.0,0.0
128,10,3.0,32,naive_exact_audit_reuse,0.0090295497500935,0.9937328024130035,0.0,10.0,0.0
128,10,3.0,32,once_trained_private_reward_model,0.27562220140868926,0.2828127520749571,0.12000000000000002,10.0,0.0
128,10,3.0,32,privacy_stable_reusable_audit_gradient,0.11591113149213625,0.5646710898189006,0.0,10.0,2.9999999999999996
128,10,3.0,32,reusable_holdout_thresholdout,0.012595148812610351,0.9881971287807181,0.0,10.0,0.0
128,50,0.1,2,H001_single_query_correction,0.02763095521492239,0.9738871750315783,0.0,50.0,0.0
128,50,0.1,2,disjoint_sample_splitting,0.05932914022551057,0.759498256258794,0.05,4.0,0.0
128,50,0.1,2,fresh_audit_oracle,0.0,1.0,0.0,50.0,0.0
128,50,0.1,2,generic_holdout_binary_release,0.0576268205647983,0.386227983944309,0.6,50.0,0.0
128,50,0.1,2,naive_exact_audit_reuse,0.030599792788875323,0.9616262429842186,0.0,50.0,0.0
128,50,0.1,2,once_trained_private_reward_model,0.38556396780714763,0.007775343271556445,0.332,50.0,0.0
128,50,0.1,2,privacy_stable_reusable_audit_gradient,0.31710677516837044,0.19527465547763773,0.356,50.0,0.10000000000000006
128,50,0.1,2,reusable_holdout_thresholdout,0.047660318041547335,0.8493022589304307,0.0,50.0,0.0
128,50,0.1,8,H001_single_query_correction,0.012892786919229968,0.9876053341663699,0.0,50.0,0.0
128,50,0.1,8,disjoint_sample_splitting,0.028885360235389596,0.9428544218270456,0.0,4.0,0.0
128,50,0.1,8,fresh_audit_oracle,0.0,1.0,0.0,50.0,0.0
128,50,0.1,8,generic_holdout_binary_release,0.02806297408476442,0.8968938589615358,0.072,50.0,0.0
128,50,0.1,8,naive_exact_audit_reuse,0.01898064308795255,0.977546931373673,0.0,50.0,0.0
128,50,0.1,8,once_trained_private_reward_model,0.6898830983931953,-0.034757935978136575,0.584,50.0,0.0
128,50,0.1,8,privacy_stable_reusable_audit_gradient,0.6706291167637048,0.14902597611126445,0.316,50.0,0.10000000000000006
128,50,0.1,8,reusable_holdout_thresholdout,0.022604538586483803,0.9692116723576039,0.0,50.0,0.0
128,50,0.1,32,H001_single_query_correction,0.008500404682969443,0.9945120283949199,0.0,50.0,0.0
128,50,0.1,32,disjoint_sample_splitting,0.01757129266167968,0.9758359060568316,0.0,4.0,0.0
128,50,0.1,32,fresh_audit_oracle,0.0,1.0,0.0,50.0,0.0
128,50,0.1,32,generic_holdout_binary_release,0.012801514481978702,0.987977690981339,0.0,50.0,0.0
128,50,0.1,32,naive_exact_audit_reuse,0.009190932660253833,0.9934776747942538,0.0,50.0,0.0
128,50,0.1,32,once_trained_private_reward_model,1.377197448274615,0.1585264089087056,0.13999999999999999,50.0,0.0
128,50,0.1,32,privacy_stable_reusable_audit_gradient,1.3781104653587346,0.03177671642394521,0.43600000000000005,50.0,0.10000000000000006
128,50,0.1,32,reusable_holdout_thresholdout,0.012801514481978702,0.987977690981339,0.0,50.0,0.0
128,50,0.3,2,H001_single_query_correction,0.02763095521492239,0.9738871750315783,0.0,50.0,0.0
128,50,0.3,2,disjoint_sample_splitting,0.05932914022551057,0.759498256258794,0.05,4.0,0.0
128,50,0.3,2,fresh_audit_oracle,0.0,1.0,0.0,50.0,0.0
128,50,0.3,2,generic_holdout_binary_release,0.0576268205647983,0.386227983944309,0.6,50.0,0.0
128,50,0.3,2,naive_exact_audit_reuse,0.030599792788875323,0.9616262429842186,0.0,50.0,0.0
128,50,0.3,2,once_trained_private_reward_model,0.18393069015186075,0.3006688105048126,0.256,50.0,0.0
128,50,0.3,2,privacy_stable_reusable_audit_gradient,0.1811942227639314,0.33432508470542394,0.28400000000000003,50.0,0.30000000000000016
128,50,0.3,2,reusable_holdout_thresholdout,0.047074222852403466,0.8861651375827269,0.0,50.0,0.0
128,50,0.3,8,H001_single_query_correction,0.012892786919229968,0.9876053341663699,0.0,50.0,0.0
128,50,0.3,8,disjoint_sample_splitting,0.028885360235389596,0.9428544218270456,0.0,4.0,0.0
128,50,0.3,8,fresh_audit_oracle,0.0,1.0,0.0,50.0,0.0
128,50,0.3,8,generic_holdout_binary_release,0.02806297408476442,0.8968938589615358,0.072,50.0,0.0
128,50,0.3,8,naive_exact_audit_reuse,0.01898064308795255,0.977546931373673,0.0,50.0,0.0
128,50,0.3,8,once_trained_private_reward_model,0.43811574230067923,0.2616140541148449,0.22800000000000004,50.0,0.0
128,50,0.3,8,privacy_stable_reusable_audit_gradient,0.4073149603473828,0.17469209758878348,0.29200000000000004,50.0,0.30000000000000016
128,50,0.3,8,reusable_holdout_thresholdout,0.024019962582154202,0.9659365579511153,0.0,50.0,0.0
128,50,0.3,32,H001_single_query_correction,0.008500404682969443,0.9945120283949199,0.0,50.0,0.0
128,50,0.3,32,disjoint_sample_splitting,0.01757129266167968,0.9758359060568316,0.0,4.0,0.0
128,50,0.3,32,fresh_audit_oracle,0.0,1.0,0.0,50.0,0.0
128,50,0.3,32,generic_holdout_binary_release,0.012801514481978702,0.987977690981339,0.0,50.0,0.0
128,50,0.3,32,naive_exact_audit_reuse,0.009190932660253833,0.9934776747942538,0.0,50.0,0.0
128,50,0.3,32,once_trained_private_reward_model,0.9083099350500969,0.11684711046761417,0.168,50.0,0.0
128,50,0.3,32,privacy_stable_reusable_audit_gradient,0.8043733588750872,0.11367641312335479,0.276,50.0,0.30000000000000016
128,50,0.3,32,reusable_holdout_thresholdout,0.012801514481978702,0.987977690981339,0.0,50.0,0.0
128,50,1.0,2,H001_single_query_correction,0.02763095521492239,0.9738871750315783,0.0,50.0,0.0
128,50,1.0,2,disjoint_sample_splitting,0.05932914022551057,0.759498256258794,0.05,4.0,0.0
128,50,1.0,2,fresh_audit_oracle,0.0,1.0,0.0,50.0,0.0
128,50,1.0,2,generic_holdout_binary_release,0.0576268205647983,0.386227983944309,0.6,50.0,0.0
128,50,1.0,2,naive_exact_audit_reuse,0.030599792788875323,0.9616262429842186,0.0,50.0,0.0
128,50,1.0,2,once_trained_private_reward_model,0.07288770373516834,0.7553004338613075,0.024,50.0,0.0
128,50,1.0,2,privacy_stable_reusable_audit_gradient,0.10509179676213407,0.49698632300243395,0.20400000000000001,50.0,1.0000000000000004
128,50,1.0,2,reusable_holdout_thresholdout,0.04708232623973564,0.8511183377133019,0.0,50.0,0.0
128,50,1.0,8,H001_single_query_correction,0.012892786919229968,0.9876053341663699,0.0,50.0,0.0
128,50,1.0,8,disjoint_sample_splitting,0.028885360235389596,0.9428544218270456,0.0,4.0,0.0
128,50,1.0,8,fresh_audit_oracle,0.0,1.0,0.0,50.0,0.0
128,50,1.0,8,generic_holdout_binary_release,0.02806297408476442,0.8968938589615358,0.072,50.0,0.0
128,50,1.0,8,naive_exact_audit_reuse,0.01898064308795255,0.977546931373673,0.0,50.0,0.0
128,50,1.0,8,once_trained_private_reward_model,0.2049385668953851,0.3221353796937111,0.16,50.0,0.0
128,50,1.0,8,privacy_stable_reusable_audit_gradient,0.21509968673682814,0.2882342150440123,0.184,50.0,1.0000000000000004
128,50,1.0,8,reusable_holdout_thresholdout,0.024244488710770944,0.9630700062853637,0.0,50.0,0.0
128,50,1.0,32,H001_single_query_correction,0.008500404682969443,0.9945120283949199,0.0,50.0,0.0
128,50,1.0,32,disjoint_sample_splitting,0.01757129266167968,0.9758359060568316,0.0,4.0,0.0
128,50,1.0,32,fresh_audit_oracle,0.0,1.0,0.0,50.0,0.0
128,50,1.0,32,generic_holdout_binary_release,0.012801514481978702,0.987977690981339,0.0,50.0,0.0
128,50,1.0,32,naive_exact_audit_reuse,0.009190932660253833,0.9934776747942538,0.0,50.0,0.0
128,50,1.0,32,once_trained_private_reward_model,0.49140917595398337,0.18897482169857777,0.07999999999999999,50.0,0.0
128,50,1.0,32,privacy_stable_reusable_audit_gradient,0.4435264940327205,0.18327142791362866,0.14400000000000002,50.0,1.0000000000000004
128,50,1.0,32,reusable_holdout_thresholdout,0.012801514481978702,0.987977690981339,0.0,50.0,0.0
128,50,3.0,2,H001_single_query_correction,0.02763095521492239,0.9738871750315783,0.0,50.0,0.0
128,50,3.0,2,disjoint_sample_splitting,0.05932914022551057,0.759498256258794,0.05,4.0,0.0
128,50,3.0,2,fresh_audit_oracle,0.0,1.0,0.0,50.0,0.0
128,50,3.0,2,generic_holdout_binary_release,0.0576268205647983,0.386227983944309,0.6,50.0,0.0
128,50,3.0,2,naive_exact_audit_reuse,0.030599792788875323,0.9616262429842186,0.0,50.0,0.0
128,50,3.0,2,once_trained_private_reward_model,0.07128681545606834,0.7788173772108905,0.0,50.0,0.0
128,50,3.0,2,privacy_stable_reusable_audit_gradient,0.06633499426656378,0.7984022166306926,0.04,50.0,3.000000000000002
128,50,3.0,2,reusable_holdout_thresholdout,0.04763408905060239,0.887069576665187,0.0,50.0,0.0
128,50,3.0,8,H001_single_query_correction,0.012892786919229968,0.9876053341663699,0.0,50.0,0.0
128,50,3.0,8,disjoint_sample_splitting,0.028885360235389596,0.9428544218270456,0.0,4.0,0.0
128,50,3.0,8,fresh_audit_oracle,0.0,1.0,0.0,50.0,0.0
128,50,3.0,8,generic_holdout_binary_release,0.02806297408476442,0.8968938589615358,0.072,50.0,0.0
128,50,3.0,8,naive_exact_audit_reuse,0.01898064308795255,0.977546931373673,0.0,50.0,0.0
128,50,3.0,8,once_trained_private_reward_model,0.13254499611473278,0.5268411147243165,0.0,50.0,0.0
128,50,3.0,8,privacy_stable_reusable_audit_gradient,0.12348678806236105,0.5502182822031397,0.027999999999999997,50.0,3.000000000000002
128,50,3.0,8,reusable_holdout_thresholdout,0.024796709449657874,0.9667051574119778,0.0,50.0,0.0
128,50,3.0,32,H001_single_query_correction,0.008500404682969443,0.9945120283949199,0.0,50.0,0.0
128,50,3.0,32,disjoint_sample_splitting,0.01757129266167968,0.9758359060568316,0.0,4.0,0.0
128,50,3.0,32,fresh_audit_oracle,0.0,1.0,0.0,50.0,0.0
128,50,3.0,32,generic_holdout_binary_release,0.012801514481978702,0.987977690981339,0.0,50.0,0.0
128,50,3.0,32,naive_exact_audit_reuse,0.009190932660253833,0.9934776747942538,0.0,50.0,0.0
128,50,3.0,32,once_trained_private_reward_model,0.2915777573760569,0.34990499363337674,0.012,50.0,0.0
128,50,3.0,32,privacy_stable_reusable_audit_gradient,0.2551370097790743,0.29839062479780276,0.04,50.0,3.000000000000002
128,50,3.0,32,reusable_holdout_thresholdout,0.012801514481978702,0.987977690981339,0.0,50.0,0.0
128,100,0.1,2,H001_single_query_correction,0.027627296787527688,0.9738940362309499,0.0,100.0,0.0
128,100,0.1,2,disjoint_sample_splitting,0.05932914022551057,0.759498256258794,0.05,4.0,0.0
128,100,0.1,2,fresh_audit_oracle,0.0,1.0,0.0,100.0,0.0
128,100,0.1,2,generic_holdout_binary_release,0.057559712031033564,0.38642100350984443,0.6,100.0,0.0
128,100,0.1,2,naive_exact_audit_reuse,0.03064290580406908,0.9616286545333097,0.0,100.0,0.0
128,100,0.1,2,once_trained_private_reward_model,0.34123519844843825,0.11021995177300319,0.458,100.0,0.0
128,100,0.1,2,privacy_stable_reusable_audit_gradient,0.44886478280814146,0.09436201170104909,0.43600000000000005,100.0,0.10000000000000006
128,100,0.1,2,reusable_holdout_thresholdout,0.048694847183512975,0.8429694980009883,0.0,100.0,0.0
128,100,0.1,8,H001_single_query_correction,0.012883532515411106,0.9876240229132401,0.0,100.0,0.0
128,100,0.1,8,disjoint_sample_splitting,0.028885360235389596,0.9428544218270456,0.0,4.0,0.0
128,100,0.1,8,fresh_audit_oracle,0.0,1.0,0.0,100.0,0.0
128,100,0.1,8,generic_holdout_binary_release,0.028148240628875304,0.8967151574702079,0.072,100.0,0.0
128,100,0.1,8,naive_exact_audit_reuse,0.018999341533690133,0.9777230014231165,0.0,100.0,0.0
128,100,0.1,8,once_trained_private_reward_model,0.707213015536562,0.27905509498010395,0.096,100.0,0.0
128,100,0.1,8,privacy_stable_reusable_audit_gradient,0.9452274418731281,0.1013399736757222,0.376,100.0,0.10000000000000006
128,100,0.1,8,reusable_holdout_thresholdout,0.022467542685600243,0.9693404929884377,0.0,100.0,0.0
128,100,0.1,32,H001_single_query_correction,0.008500034663274005,0.9945126668379972,0.0,100.0,0.0
128,100,0.1,32,disjoint_sample_splitting,0.01757129266167968,0.9758359060568316,0.0,4.0,0.0
128,100,0.1,32,fresh_audit_oracle,0.0,1.0,0.0,100.0,0.0
128,100,0.1,32,generic_holdout_binary_release,0.012820570275811113,0.9879672230309126,0.0,100.0,0.0
128,100,0.1,32,naive_exact_audit_reuse,0.009191147853305876,0.9934678232192578,0.0,100.0,0.0
128,100,0.1,32,once_trained_private_reward_model,1.4884614869665813,0.018096434110280345,0.4,100.0,0.0
128,100,0.1,32,privacy_stable_reusable_audit_gradient,1.9573812773440806,0.03386409160046081,0.42200000000000004,100.0,0.10000000000000006
128,100,0.1,32,reusable_holdout_thresholdout,0.012820570275811113,0.9879672230309126,0.0,100.0,0.0
128,100,0.3,2,H001_single_query_correction,0.027627296787527688,0.9738940362309499,0.0,100.0,0.0
128,100,0.3,2,disjoint_sample_splitting,0.05932914022551057,0.759498256258794,0.05,4.0,0.0
128,100,0.3,2,fresh_audit_oracle,0.0,1.0,0.0,100.0,0.0
128,100,0.3,2,generic_holdout_binary_release,0.057559712031033564,0.38642100350984443,0.6,100.0,0.0
128,100,0.3,2,naive_exact_audit_reuse,0.03064290580406908,0.9616286545333097,0.0,100.0,0.0
128,100,0.3,2,once_trained_private_reward_model,0.1656454816112939,0.6420440631889319,0.176,100.0,0.0
128,100,0.3,2,privacy_stable_reusable_audit_gradient,0.24827417629095092,0.2423170270927192,0.344,100.0,0.3000000000000002
128,100,0.3,2,reusable_holdout_thresholdout,0.04822765733876365,0.8849353322815178,0.0,100.0,0.0
128,100,0.3,8,H001_single_query_correction,0.012883532515411106,0.9876240229132401,0.0,100.0,0.0
128,100,0.3,8,disjoint_sample_splitting,0.028885360235389596,0.9428544218270456,0.0,4.0,0.0
128,100,0.3,8,fresh_audit_oracle,0.0,1.0,0.0,100.0,0.0
128,100,0.3,8,generic_holdout_binary_release,0.028148240628875304,0.8967151574702079,0.072,100.0,0.0
128,100,0.3,8,naive_exact_audit_reuse,0.018999341533690133,0.9777230014231165,0.0,100.0,0.0
128,100,0.3,8,once_trained_private_reward_model,0.42081085491368564,-0.022805146512013885,0.5900000000000001,100.0,0.0
128,100,0.3,8,privacy_stable_reusable_audit_gradient,0.5560263689689675,0.13538250095156754,0.348,100.0,0.3000000000000002
128,100,0.3,8,reusable_holdout_thresholdout,0.021809970685297764,0.9711279673598858,0.0,100.0,0.0
128,100,0.3,32,H001_single_query_correction,0.008500034663274005,0.9945126668379972,0.0,100.0,0.0
128,100,0.3,32,disjoint_sample_splitting,0.01757129266167968,0.9758359060568316,0.0,4.0,0.0
128,100,0.3,32,fresh_audit_oracle,0.0,1.0,0.0,100.0,0.0
128,100,0.3,32,generic_holdout_binary_release,0.012820570275811113,0.9879672230309126,0.0,100.0,0.0
128,100,0.3,32,naive_exact_audit_reuse,0.009191147853305876,0.9934678232192578,0.0,100.0,0.0
128,100,0.3,32,once_trained_private_reward_model,0.9215065221228922,-0.009926075599245682,0.5119999999999999,100.0,0.0
128,100,0.3,32,privacy_stable_reusable_audit_gradient,1.134088962464375,0.07684165005520875,0.35400000000000004,100.0,0.3000000000000002
128,100,0.3,32,reusable_holdout_thresholdout,0.012820570275811113,0.9879672230309126,0.0,100.0,0.0
128,100,1.0,2,H001_single_query_correction,0.027627296787527688,0.9738940362309499,0.0,100.0,0.0
128,100,1.0,2,disjoint_sample_splitting,0.05932914022551057,0.759498256258794,0.05,4.0,0.0
128,100,1.0,2,fresh_audit_oracle,0.0,1.0,0.0,100.0,0.0
128,100,1.0,2,generic_holdout_binary_release,0.057559712031033564,0.38642100350984443,0.6,100.0,0.0
128,100,1.0,2,naive_exact_audit_reuse,0.03064290580406908,0.9616286545333097,0.0,100.0,0.0
128,100,1.0,2,once_trained_private_reward_model,0.09183923612732967,0.66018758677081,0.084,100.0,0.0
128,100,1.0,2,privacy_stable_reusable_audit_gradient,0.13960737629322456,0.42831024879208623,0.21400000000000002,100.0,1.0000000000000007
128,100,1.0,2,reusable_holdout_thresholdout,0.048380978798692825,0.841933264585565,0.0,100.0,0.0
128,100,1.0,8,H001_single_query_correction,0.012883532515411106,0.9876240229132401,0.0,100.0,0.0
128,100,1.0,8,disjoint_sample_splitting,0.028885360235389596,0.9428544218270456,0.0,4.0,0.0
128,100,1.0,8,fresh_audit_oracle,0.0,1.0,0.0,100.0,0.0
128,100,1.0,8,generic_holdout_binary_release,0.028148240628875304,0.8967151574702079,0.072,100.0,0.0
128,100,1.0,8,naive_exact_audit_reuse,0.018999341533690133,0.9777230014231165,0.0,100.0,0.0
128,100,1.0,8,once_trained_private_reward_model,0.22611894590937104,0.3300032082129979,0.092,100.0,0.0
128,100,1.0,8,privacy_stable_reusable_audit_gradient,0.29965586374076514,0.216204280141086,0.246,100.0,1.0000000000000007
128,100,1.0,8,reusable_holdout_thresholdout,0.024660226686127343,0.9633795725800136,0.0,100.0,0.0
128,100,1.0,32,H001_single_query_correction,0.008500034663274005,0.9945126668379972,0.0,100.0,0.0
128,100,1.0,32,disjoint_sample_splitting,0.01757129266167968,0.9758359060568316,0.0,4.0,0.0
128,100,1.0,32,fresh_audit_oracle,0.0,1.0,0.0,100.0,0.0
128,100,1.0,32,generic_holdout_binary_release,0.012820570275811113,0.9879672230309126,0.0,100.0,0.0
128,100,1.0,32,naive_exact_audit_reuse,0.009191147853305876,0.9934678232192578,0.0,100.0,0.0
128,100,1.0,32,once_trained_private_reward_model,0.4567886235761697,0.12472575513022328,0.138,100.0,0.0
128,100,1.0,32,privacy_stable_reusable_audit_gradient,0.6188461764257119,0.12119009944555648,0.22999999999999998,100.0,1.0000000000000007
128,100,1.0,32,reusable_holdout_thresholdout,0.012820570275811113,0.9879672230309126,0.0,100.0,0.0
128,100,3.0,2,H001_single_query_correction,0.027627296787527688,0.9738940362309499,0.0,100.0,0.0
128,100,3.0,2,disjoint_sample_splitting,0.05932914022551057,0.759498256258794,0.05,4.0,0.0
128,100,3.0,2,fresh_audit_oracle,0.0,1.0,0.0,100.0,0.0
128,100,3.0,2,generic_holdout_binary_release,0.057559712031033564,0.38642100350984443,0.6,100.0,0.0
128,100,3.0,2,naive_exact_audit_reuse,0.03064290580406908,0.9616286545333097,0.0,100.0,0.0
128,100,3.0,2,once_trained_private_reward_model,0.04974030654847571,0.8898213275642226,0.008,100.0,0.0
128,100,3.0,2,privacy_stable_reusable_audit_gradient,0.08025804684765944,0.6363005102226016,0.10800000000000001,100.0,2.999999999999995
128,100,3.0,2,reusable_holdout_thresholdout,0.04848385686206519,0.8451863330473367,0.0,100.0,0.0
128,100,3.0,8,H001_single_query_correction,0.012883532515411106,0.9876240229132401,0.0,100.0,0.0
128,100,3.0,8,disjoint_sample_splitting,0.028885360235389596,0.9428544218270456,0.0,4.0,0.0
128,100,3.0,8,fresh_audit_oracle,0.0,1.0,0.0,100.0,0.0
128,100,3.0,8,generic_holdout_binary_release,0.028148240628875304,0.8967151574702079,0.072,100.0,0.0
128,100,3.0,8,naive_exact_audit_reuse,0.018999341533690133,0.9777230014231165,0.0,100.0,0.0
128,100,3.0,8,once_trained_private_reward_model,0.13526651264483522,0.5347570829554597,0.034,100.0,0.0
128,100,3.0,8,privacy_stable_reusable_audit_gradient,0.17512536075137855,0.43374705506379724,0.08,100.0,2.999999999999995
128,100,3.0,8,reusable_holdout_thresholdout,0.024755645394519493,0.9674466335571198,0.0,100.0,0.0
128,100,3.0,32,H001_single_query_correction,0.008500034663274005,0.9945126668379972,0.0,100.0,0.0
128,100,3.0,32,disjoint_sample_splitting,0.01757129266167968,0.9758359060568316,0.0,4.0,0.0
128,100,3.0,32,fresh_audit_oracle,0.0,1.0,0.0,100.0,0.0
128,100,3.0,32,generic_holdout_binary_release,0.012820570275811113,0.9879672230309126,0.0,100.0,0.0
128,100,3.0,32,naive_exact_audit_reuse,0.009191147853305876,0.9934678232192578,0.0,100.0,0.0
128,100,3.0,32,once_trained_private_reward_model,0.2820840177228701,0.3140043177185491,0.0,100.0,0.0
128,100,3.0,32,privacy_stable_reusable_audit_gradient,0.3592918074950635,0.22372889313174063,0.088,100.0,2.999999999999995
128,100,3.0,32,reusable_holdout_thresholdout,0.012820570275811113,0.9879672230309126,0.0,100.0,0.0
128,250,0.1,2,H001_single_query_correction,0.027625101731090868,0.9738981529505726,0.0,250.0,0.0
128,250,0.1,2,disjoint_sample_splitting,0.05932914022551057,0.759498256258794,0.05,4.0,0.0
128,250,0.1,2,fresh_audit_oracle,0.0,1.0,0.0,250.0,0.0
128,250,0.1,2,generic_holdout_binary_release,0.05751943788581344,0.38652981356777544,0.6,250.0,0.0
128,250,0.1,2,naive_exact_audit_reuse,0.03066765234783993,0.9616329198105431,0.0,250.0,0.0
128,250,0.1,2,once_trained_private_reward_model,0.268993892159304,0.06702863789029553,0.46959999999999996,250.0,0.0
128,250,0.1,2,privacy_stable_reusable_audit_gradient,0.6821609814877998,0.11530931800957545,0.4248,250.0,0.09999999999999962
128,250,0.1,2,reusable_holdout_thresholdout,0.04978948084882977,0.8801615673248533,0.0,250.0,0.0
128,250,0.1,8,H001_single_query_correction,0.012877979873119788,0.9876352361613622,0.0,250.0,0.0
128,250,0.1,8,disjoint_sample_splitting,0.028885360235389596,0.9428544218270456,0.0,4.0,0.0
128,250,0.1,8,fresh_audit_oracle,0.0,1.0,0.0,250.0,0.0
128,250,0.1,8,generic_holdout_binary_release,0.028261482736765552,0.8957947387053091,0.0728,250.0,0.0
128,250,0.1,8,naive_exact_audit_reuse,0.019013356461836137,0.9777788685933991,0.0,250.0,0.0
128,250,0.1,8,once_trained_private_reward_model,0.6970477023110384,0.2498605209872507,0.2056,250.0,0.0
128,250,0.1,8,privacy_stable_reusable_audit_gradient,1.5449368279709552,0.042115584126680504,0.44559999999999994,250.0,0.09999999999999962
128,250,0.1,8,reusable_holdout_thresholdout,0.022343021181213334,0.9702378099874004,0.0,250.0,0.0
128,250,0.1,32,H001_single_query_correction,0.008499812651456743,0.9945130499038435,0.0,250.0,0.0
128,250,0.1,32,disjoint_sample_splitting,0.01757129266167968,0.9758359060568316,0.0,4.0,0.0
128,250,0.1,32,fresh_audit_oracle,0.0,1.0,0.0,250.0,0.0
128,250,0.1,32,generic_holdout_binary_release,0.012830805379573668,0.9879618081462798,0.0,250.0,0.0
128,250,0.1,32,naive_exact_audit_reuse,0.00918981534840033,0.9934663250266403,0.0,250.0,0.0
128,250,0.1,32,once_trained_private_reward_model,1.6113006733552104,0.08262188301111006,0.4064,250.0,0.0
128,250,0.1,32,privacy_stable_reusable_audit_gradient,3.0910191405872753,0.019939108313956847,0.44880000000000003,250.0,0.09999999999999962
128,250,0.1,32,reusable_holdout_thresholdout,0.012830805379573668,0.9879618081462798,0.0,250.0,0.0
128,250,0.3,2,H001_single_query_correction,0.027625101731090868,0.9738981529505726,0.0,250.0,0.0
128,250,0.3,2,disjoint_sample_splitting,0.05932914022551057,0.759498256258794,0.05,4.0,0.0
128,250,0.3,2,fresh_audit_oracle,0.0,1.0,0.0,250.0,0.0
128,250,0.3,2,generic_holdout_binary_release,0.05751943788581344,0.38652981356777544,0.6,250.0,0.0
128,250,0.3,2,naive_exact_audit_reuse,0.03066765234783993,0.9616329198105431,0.0,250.0,0.0
128,250,0.3,2,once_trained_private_reward_model,0.1529728086948701,0.07512627505524028,0.5208,250.0,0.0
128,250,0.3,2,privacy_stable_reusable_audit_gradient,0.39193551434432405,0.14378687230092646,0.4064,250.0,0.30000000000000016
128,250,0.3,2,reusable_holdout_thresholdout,0.049291760541787986,0.8353976108296799,0.0,250.0,0.0
128,250,0.3,8,H001_single_query_correction,0.012877979873119788,0.9876352361613622,0.0,250.0,0.0
128,250,0.3,8,disjoint_sample_splitting,0.028885360235389596,0.9428544218270456,0.0,4.0,0.0
128,250,0.3,8,fresh_audit_oracle,0.0,1.0,0.0,250.0,0.0
128,250,0.3,8,generic_holdout_binary_release,0.028261482736765552,0.8957947387053091,0.0728,250.0,0.0
128,250,0.3,8,naive_exact_audit_reuse,0.019013356461836137,0.9777788685933991,0.0,250.0,0.0
128,250,0.3,8,once_trained_private_reward_model,0.4473464219209592,0.3474585426434459,0.12320000000000002,250.0,0.0
128,250,0.3,8,privacy_stable_reusable_audit_gradient,0.8815112090606749,0.09395198618113931,0.4024,250.0,0.30000000000000016
128,250,0.3,8,reusable_holdout_thresholdout,0.02353558462287401,0.9672870177297256,0.0,250.0,0.0
128,250,0.3,32,H001_single_query_correction,0.008499812651456743,0.9945130499038435,0.0,250.0,0.0
128,250,0.3,32,disjoint_sample_splitting,0.01757129266167968,0.9758359060568316,0.0,4.0,0.0
128,250,0.3,32,fresh_audit_oracle,0.0,1.0,0.0,250.0,0.0
128,250,0.3,32,generic_holdout_binary_release,0.012830805379573668,0.9879618081462798,0.0,250.0,0.0
128,250,0.3,32,naive_exact_audit_reuse,0.00918981534840033,0.9934663250266403,0.0,250.0,0.0
128,250,0.3,32,once_trained_private_reward_model,0.8924776962309074,0.17840611395471823,0.088,250.0,0.0
128,250,0.3,32,privacy_stable_reusable_audit_gradient,1.7868622113137396,0.04385989566275422,0.4104,250.0,0.30000000000000016
128,250,0.3,32,reusable_holdout_thresholdout,0.012830805379573668,0.9879618081462798,0.0,250.0,0.0
128,250,1.0,2,H001_single_query_correction,0.027625101731090868,0.9738981529505726,0.0,250.0,0.0
128,250,1.0,2,disjoint_sample_splitting,0.05932914022551057,0.759498256258794,0.05,4.0,0.0
128,250,1.0,2,fresh_audit_oracle,0.0,1.0,0.0,250.0,0.0
128,250,1.0,2,generic_holdout_binary_release,0.05751943788581344,0.38652981356777544,0.6,250.0,0.0
128,250,1.0,2,naive_exact_audit_reuse,0.03066765234783993,0.9616329198105431,0.0,250.0,0.0
128,250,1.0,2,once_trained_private_reward_model,0.08845583402368828,0.7570353442713701,0.052000000000000005,250.0,0.0
128,250,1.0,2,privacy_stable_reusable_audit_gradient,0.21980404007607532,0.29425075596424244,0.3136,250.0,1.0000000000000007
128,250,1.0,2,reusable_holdout_thresholdout,0.04912169379285261,0.8370234453758508,0.0,250.0,0.0
128,250,1.0,8,H001_single_query_correction,0.012877979873119788,0.9876352361613622,0.0,250.0,0.0
128,250,1.0,8,disjoint_sample_splitting,0.028885360235389596,0.9428544218270456,0.0,4.0,0.0
128,250,1.0,8,fresh_audit_oracle,0.0,1.0,0.0,250.0,0.0
128,250,1.0,8,generic_holdout_binary_release,0.028261482736765552,0.8957947387053091,0.0728,250.0,0.0
128,250,1.0,8,naive_exact_audit_reuse,0.019013356461836137,0.9777788685933991,0.0,250.0,0.0
128,250,1.0,8,once_trained_private_reward_model,0.22340568593440052,0.40225547778561177,0.0008,250.0,0.0
128,250,1.0,8,privacy_stable_reusable_audit_gradient,0.4758112677451665,0.1640461184542628,0.31120000000000003,250.0,1.0000000000000007
128,250,1.0,8,reusable_holdout_thresholdout,0.02411465587513028,0.965986938029233,0.0,250.0,0.0
128,250,1.0,32,H001_single_query_correction,0.008499812651456743,0.9945130499038435,0.0,250.0,0.0
128,250,1.0,32,disjoint_sample_splitting,0.01757129266167968,0.9758359060568316,0.0,4.0,0.0
128,250,1.0,32,fresh_audit_oracle,0.0,1.0,0.0,250.0,0.0
128,250,1.0,32,generic_holdout_binary_release,0.012830805379573668,0.9879618081462798,0.0,250.0,0.0
128,250,1.0,32,naive_exact_audit_reuse,0.00918981534840033,0.9934663250266403,0.0,250.0,0.0
128,250,1.0,32,once_trained_private_reward_model,0.48579627146589355,0.14177808490669114,0.0744,250.0,0.0
128,250,1.0,32,privacy_stable_reusable_audit_gradient,0.9825467145539382,0.06997143646837536,0.33520000000000005,250.0,1.0000000000000007
128,250,1.0,32,reusable_holdout_thresholdout,0.012830805379573668,0.9879618081462798,0.0,250.0,0.0
128,250,3.0,2,H001_single_query_correction,0.027625101731090868,0.9738981529505726,0.0,250.0,0.0
128,250,3.0,2,disjoint_sample_splitting,0.05932914022551057,0.759498256258794,0.05,4.0,0.0
128,250,3.0,2,fresh_audit_oracle,0.0,1.0,0.0,250.0,0.0
128,250,3.0,2,generic_holdout_binary_release,0.05751943788581344,0.38652981356777544,0.6,250.0,0.0
128,250,3.0,2,naive_exact_audit_reuse,0.03066765234783993,0.9616329198105431,0.0,250.0,0.0
128,250,3.0,2,once_trained_private_reward_model,0.051366101616018414,0.8231069401953178,0.0024000000000000002,250.0,0.0
128,250,3.0,2,privacy_stable_reusable_audit_gradient,0.13048878419328092,0.503570328735714,0.1792,250.0,3.000000000000002
128,250,3.0,2,reusable_holdout_thresholdout,0.04950507557871643,0.8339174508634389,0.0,250.0,0.0
128,250,3.0,8,H001_single_query_correction,0.012877979873119788,0.9876352361613622,0.0,250.0,0.0
128,250,3.0,8,disjoint_sample_splitting,0.028885360235389596,0.9428544218270456,0.0,4.0,0.0
128,250,3.0,8,fresh_audit_oracle,0.0,1.0,0.0,250.0,0.0
128,250,3.0,8,generic_holdout_binary_release,0.028261482736765552,0.8957947387053091,0.0728,250.0,0.0
128,250,3.0,8,naive_exact_audit_reuse,0.019013356461836137,0.9777788685933991,0.0,250.0,0.0
128,250,3.0,8,once_trained_private_reward_model,0.13716441159423506,0.4504002074392151,0.1552,250.0,0.0
128,250,3.0,8,privacy_stable_reusable_audit_gradient,0.27550407033112556,0.24692751438118568,0.24159999999999998,250.0,3.000000000000002
128,250,3.0,8,reusable_holdout_thresholdout,0.02425386640190803,0.9656382497550137,0.0,250.0,0.0
128,250,3.0,32,H001_single_query_correction,0.008499812651456743,0.9945130499038435,0.0,250.0,0.0
128,250,3.0,32,disjoint_sample_splitting,0.01757129266167968,0.9758359060568316,0.0,4.0,0.0
128,250,3.0,32,fresh_audit_oracle,0.0,1.0,0.0,250.0,0.0
128,250,3.0,32,generic_holdout_binary_release,0.012830805379573668,0.9879618081462798,0.0,250.0,0.0
128,250,3.0,32,naive_exact_audit_reuse,0.00918981534840033,0.9934663250266403,0.0,250.0,0.0
128,250,3.0,32,once_trained_private_reward_model,0.28410370598411055,0.30448170567931937,0.0736,250.0,0.0
128,250,3.0,32,privacy_stable_reusable_audit_gradient,0.565235609599172,0.13074015496995633,0.24,250.0,3.000000000000002
128,250,3.0,32,reusable_holdout_thresholdout,0.012830805379573668,0.9879618081462798,0.0,250.0,0.0
256,10,0.1,2,H001_single_query_correction,0.018786309494405535,0.9855042899202529,0.0,10.0,0.0
256,10,0.1,2,disjoint_sample_splitting,0.059785832960958005,0.7737970759202619,0.05,8.0,0.0
256,10,0.1,2,fresh_audit_oracle,0.0,1.0,0.0,10.0,0.0
256,10,0.1,2,generic_holdout_binary_release,0.0538129126961584,0.3932558025965822,0.6,10.0,0.0
256,10,0.1,2,naive_exact_audit_reuse,0.01951180336714578,0.9786995986573264,0.0,10.0,0.0
256,10,0.1,2,once_trained_private_reward_model,0.14718302828284033,0.4793844974333001,0.22000000000000003,10.0,0.0
256,10,0.1,2,privacy_stable_reusable_audit_gradient,0.06564268258884667,0.7519412965919838,0.04,10.0,0.09999999999999999
256,10,0.1,2,reusable_holdout_thresholdout,0.03670783229387423,0.9345271096695384,0.0,10.0,0.0
256,10,0.1,8,H001_single_query_correction,0.012175432786069891,0.9883871301956606,0.0,10.0,0.0
256,10,0.1,8,disjoint_sample_splitting,0.03404670407193698,0.9191540871173473,0.0,8.0,0.0
256,10,0.1,8,fresh_audit_oracle,0.0,1.0,0.0,10.0,0.0
256,10,0.1,8,generic_holdout_binary_release,0.02062907510260987,0.9709360941407434,0.0,10.0,0.0
256,10,0.1,8,naive_exact_audit_reuse,0.013634975715446543,0.9866464042199006,0.0,10.0,0.0
256,10,0.1,8,once_trained_private_reward_model,0.3891056580576562,0.20696745168958391,0.2,10.0,0.0
256,10,0.1,8,privacy_stable_reusable_audit_gradient,0.16037018272133802,0.40239938917221024,0.1,10.0,0.09999999999999999
256,10,0.1,8,reusable_holdout_thresholdout,0.02062907510260987,0.9709360941407434,0.0,10.0,0.0
256,10,0.1,32,H001_single_query_correction,0.005220835336487853,0.9979594262777848,0.0,10.0,0.0
256,10,0.1,32,disjoint_sample_splitting,0.01681774539794691,0.9783145670817193,0.0,8.0,0.0
256,10,0.1,32,fresh_audit_oracle,0.0,1.0,0.0,10.0,0.0
256,10,0.1,32,generic_holdout_binary_release,0.00928083133786178,0.9935583806107504,0.0,10.0,0.0
256,10,0.1,32,naive_exact_audit_reuse,0.006327899352176411,0.9969321797320436,0.0,10.0,0.0
256,10,0.1,32,once_trained_private_reward_model,0.8589075955938285,0.16510639182589762,0.13999999999999999,10.0,0.0
256,10,0.1,32,privacy_stable_reusable_audit_gradient,0.3072597706358849,0.20409191299326307,0.08,10.0,0.09999999999999999
256,10,0.1,32,reusable_holdout_thresholdout,0.00928083133786178,0.9935583806107504,0.0,10.0,0.0
256,10,0.3,2,H001_single_query_correction,0.018786309494405535,0.9855042899202529,0.0,10.0,0.0
256,10,0.3,2,disjoint_sample_splitting,0.059785832960958005,0.7737970759202619,0.05,8.0,0.0
256,10,0.3,2,fresh_audit_oracle,0.0,1.0,0.0,10.0,0.0
256,10,0.3,2,generic_holdout_binary_release,0.0538129126961584,0.3932558025965822,0.6,10.0,0.0
256,10,0.3,2,naive_exact_audit_reuse,0.01951180336714578,0.9786995986573264,0.0,10.0,0.0
256,10,0.3,2,once_trained_private_reward_model,0.11125661008538601,0.6717277158577785,0.1,10.0,0.0
256,10,0.3,2,privacy_stable_reusable_audit_gradient,0.04626141080671002,0.8911071737373086,0.0,10.0,0.30000000000000004
256,10,0.3,2,reusable_holdout_thresholdout,0.03531369755545867,0.943776141198127,0.0,10.0,0.0
256,10,0.3,8,H001_single_query_correction,0.012175432786069891,0.9883871301956606,0.0,10.0,0.0
256,10,0.3,8,disjoint_sample_splitting,0.03404670407193698,0.9191540871173473,0.0,8.0,0.0
256,10,0.3,8,fresh_audit_oracle,0.0,1.0,0.0,10.0,0.0
256,10,0.3,8,generic_holdout_binary_release,0.02062907510260987,0.9709360941407434,0.0,10.0,0.0
256,10,0.3,8,naive_exact_audit_reuse,0.013634975715446543,0.9866464042199006,0.0,10.0,0.0
256,10,0.3,8,once_trained_private_reward_model,0.19826024468740883,0.29961805929710816,0.1,10.0,0.0
256,10,0.3,8,privacy_stable_reusable_audit_gradient,0.09221649059405201,0.6595805779881363,0.02,10.0,0.30000000000000004
256,10,0.3,8,reusable_holdout_thresholdout,0.02062907510260987,0.9709360941407434,0.0,10.0,0.0
256,10,0.3,32,H001_single_query_correction,0.005220835336487853,0.9979594262777848,0.0,10.0,0.0
256,10,0.3,32,disjoint_sample_splitting,0.01681774539794691,0.9783145670817193,0.0,8.0,0.0
256,10,0.3,32,fresh_audit_oracle,0.0,1.0,0.0,10.0,0.0
256,10,0.3,32,generic_holdout_binary_release,0.00928083133786178,0.9935583806107504,0.0,10.0,0.0
256,10,0.3,32,naive_exact_audit_reuse,0.006327899352176411,0.9969321797320436,0.0,10.0,0.0
256,10,0.3,32,once_trained_private_reward_model,0.4147924772060635,0.23495964431909222,0.08,10.0,0.0
256,10,0.3,32,privacy_stable_reusable_audit_gradient,0.1847908679401757,0.41102507316263753,0.0,10.0,0.30000000000000004
256,10,0.3,32,reusable_holdout_thresholdout,0.00928083133786178,0.9935583806107504,0.0,10.0,0.0
256,10,1.0,2,H001_single_query_correction,0.018786309494405535,0.9855042899202529,0.0,10.0,0.0
256,10,1.0,2,disjoint_sample_splitting,0.059785832960958005,0.7737970759202619,0.05,8.0,0.0
256,10,1.0,2,fresh_audit_oracle,0.0,1.0,0.0,10.0,0.0
256,10,1.0,2,generic_holdout_binary_release,0.0538129126961584,0.3932558025965822,0.6,10.0,0.0
256,10,1.0,2,naive_exact_audit_reuse,0.01951180336714578,0.9786995986573264,0.0,10.0,0.0
256,10,1.0,2,once_trained_private_reward_model,0.048992334164505755,0.8874793630952139,0.0,10.0,0.0
256,10,1.0,2,privacy_stable_reusable_audit_gradient,0.02955016347085776,0.9398985110818984,0.0,10.0,0.9999999999999998
256,10,1.0,2,reusable_holdout_thresholdout,0.038151096804352046,0.9197449335006331,0.02,10.0,0.0
256,10,1.0,8,H001_single_query_correction,0.012175432786069891,0.9883871301956606,0.0,10.0,0.0
256,10,1.0,8,disjoint_sample_splitting,0.03404670407193698,0.9191540871173473,0.0,8.0,0.0
256,10,1.0,8,fresh_audit_oracle,0.0,1.0,0.0,10.0,0.0
256,10,1.0,8,generic_holdout_binary_release,0.02062907510260987,0.9709360941407434,0.0,10.0,0.0
256,10,1.0,8,naive_exact_audit_reuse,0.013634975715446543,0.9866464042199006,0.0,10.0,0.0
256,10,1.0,8,once_trained_private_reward_model,0.12235490560865663,0.39746131223173753,0.18,10.0,0.0
256,10,1.0,8,privacy_stable_reusable_audit_gradient,0.04566488593787014,0.8678533177023195,0.0,10.0,0.9999999999999998
256,10,1.0,8,reusable_holdout_thresholdout,0.02062907510260987,0.9709360941407434,0.0,10.0,0.0
256,10,1.0,32,H001_single_query_correction,0.005220835336487853,0.9979594262777848,0.0,10.0,0.0
256,10,1.0,32,disjoint_sample_splitting,0.01681774539794691,0.9783145670817193,0.0,8.0,0.0
256,10,1.0,32,fresh_audit_oracle,0.0,1.0,0.0,10.0,0.0
256,10,1.0,32,generic_holdout_binary_release,0.00928083133786178,0.9935583806107504,0.0,10.0,0.0
256,10,1.0,32,naive_exact_audit_reuse,0.006327899352176411,0.9969321797320436,0.0,10.0,0.0
256,10,1.0,32,once_trained_private_reward_model,0.24815685182203678,0.3226797436190211,0.0,10.0,0.0
256,10,1.0,32,privacy_stable_reusable_audit_gradient,0.09507741760644972,0.630031249453291,0.0,10.0,0.9999999999999998
256,10,1.0,32,reusable_holdout_thresholdout,0.00928083133786178,0.9935583806107504,0.0,10.0,0.0
256,10,3.0,2,H001_single_query_correction,0.018786309494405535,0.9855042899202529,0.0,10.0,0.0
256,10,3.0,2,disjoint_sample_splitting,0.059785832960958005,0.7737970759202619,0.05,8.0,0.0
256,10,3.0,2,fresh_audit_oracle,0.0,1.0,0.0,10.0,0.0
256,10,3.0,2,generic_holdout_binary_release,0.0538129126961584,0.3932558025965822,0.6,10.0,0.0
256,10,3.0,2,naive_exact_audit_reuse,0.01951180336714578,0.9786995986573264,0.0,10.0,0.0
256,10,3.0,2,once_trained_private_reward_model,0.035065926063205785,0.9461060664558529,0.0,10.0,0.0
256,10,3.0,2,privacy_stable_reusable_audit_gradient,0.025412109491167807,0.9702892839661696,0.0,10.0,2.9999999999999996
256,10,3.0,2,reusable_holdout_thresholdout,0.03766338872504956,0.9409616598231972,0.0,10.0,0.0
256,10,3.0,8,H001_single_query_correction,0.012175432786069891,0.9883871301956606,0.0,10.0,0.0
256,10,3.0,8,disjoint_sample_splitting,0.03404670407193698,0.9191540871173473,0.0,8.0,0.0
256,10,3.0,8,fresh_audit_oracle,0.0,1.0,0.0,10.0,0.0
256,10,3.0,8,generic_holdout_binary_release,0.02062907510260987,0.9709360941407434,0.0,10.0,0.0
256,10,3.0,8,naive_exact_audit_reuse,0.013634975715446543,0.9866464042199006,0.0,10.0,0.0
256,10,3.0,8,once_trained_private_reward_model,0.07130201887422363,0.7577941550112228,0.0,10.0,0.0
256,10,3.0,8,privacy_stable_reusable_audit_gradient,0.030717074459754596,0.9312559526361739,0.0,10.0,2.9999999999999996
256,10,3.0,8,reusable_holdout_thresholdout,0.02062907510260987,0.9709360941407434,0.0,10.0,0.0
256,10,3.0,32,H001_single_query_correction,0.005220835336487853,0.9979594262777848,0.0,10.0,0.0
256,10,3.0,32,disjoint_sample_splitting,0.01681774539794691,0.9783145670817193,0.0,8.0,0.0
256,10,3.0,32,fresh_audit_oracle,0.0,1.0,0.0,10.0,0.0
256,10,3.0,32,generic_holdout_binary_release,0.00928083133786178,0.9935583806107504,0.0,10.0,0.0
256,10,3.0,32,naive_exact_audit_reuse,0.006327899352176411,0.9969321797320436,0.0,10.0,0.0
256,10,3.0,32,once_trained_private_reward_model,0.13783477362649516,0.5140261284476315,0.0,10.0,0.0
256,10,3.0,32,privacy_stable_reusable_audit_gradient,0.05796016294694713,0.811469954147595,0.0,10.0,2.9999999999999996
256,10,3.0,32,reusable_holdout_thresholdout,0.00928083133786178,0.9935583806107504,0.0,10.0,0.0
256,50,0.1,2,H001_single_query_correction,0.018689954766635753,0.9861032467340513,0.0,50.0,0.0
256,50,0.1,2,disjoint_sample_splitting,0.059785832960958005,0.7737970759202619,0.05,8.0,0.0
256,50,0.1,2,fresh_audit_oracle,0.0,1.0,0.0,50.0,0.0
256,50,0.1,2,generic_holdout_binary_release,0.052578762963904624,0.3935507316649854,0.6,50.0,0.0
256,50,0.1,2,naive_exact_audit_reuse,0.018397192814981447,0.9812855437314398,0.0,50.0,0.0
256,50,0.1,2,once_trained_private_reward_model,0.20473830594583572,0.7091438389862873,0.084,50.0,0.0
256,50,0.1,2,privacy_stable_reusable_audit_gradient,0.16225222331282235,0.45141417410796125,0.23200000000000004,50.0,0.10000000000000006
256,50,0.1,2,reusable_holdout_thresholdout,0.03690601166375432,0.9075477513098804,0.004,50.0,0.0
256,50,0.1,8,H001_single_query_correction,0.012181061904513213,0.9883925057095537,0.0,50.0,0.0
256,50,0.1,8,disjoint_sample_splitting,0.03404670407193698,0.9191540871173473,0.0,8.0,0.0
256,50,0.1,8,fresh_audit_oracle,0.0,1.0,0.0,50.0,0.0
256,50,0.1,8,generic_holdout_binary_release,0.020982892375607083,0.9697232077748458,0.0,50.0,0.0
256,50,0.1,8,naive_exact_audit_reuse,0.013608347578945874,0.9882949373434953,0.0,50.0,0.0
256,50,0.1,8,once_trained_private_reward_model,0.33042445918867724,0.28127927618441145,0.164,50.0,0.0
256,50,0.1,8,privacy_stable_reusable_audit_gradient,0.33687819219587867,0.2540050887179052,0.236,50.0,0.10000000000000006
256,50,0.1,8,reusable_holdout_thresholdout,0.020982892375607083,0.9697232077748458,0.0,50.0,0.0
256,50,0.1,32,H001_single_query_correction,0.005207940805209644,0.997970395937138,0.0,50.0,0.0
256,50,0.1,32,disjoint_sample_splitting,0.01681774539794691,0.9783145670817193,0.0,8.0,0.0
256,50,0.1,32,fresh_audit_oracle,0.0,1.0,0.0,50.0,0.0
256,50,0.1,32,generic_holdout_binary_release,0.009531368033668195,0.9932418227609741,0.0,50.0,0.0
256,50,0.1,32,naive_exact_audit_reuse,0.006688502209514306,0.9965448922329267,0.0,50.0,0.0
256,50,0.1,32,once_trained_private_reward_model,0.7874771869534982,0.14854445935657884,0.17200000000000001,50.0,0.0
256,50,0.1,32,privacy_stable_reusable_audit_gradient,0.6970141175871712,0.12660951555796057,0.252,50.0,0.10000000000000006
256,50,0.1,32,reusable_holdout_thresholdout,0.009531368033668195,0.9932418227609741,0.0,50.0,0.0
256,50,0.3,2,H001_single_query_correction,0.018689954766635753,0.9861032467340513,0.0,50.0,0.0
256,50,0.3,2,disjoint_sample_splitting,0.059785832960958005,0.7737970759202619,0.05,8.0,0.0
256,50,0.3,2,fresh_audit_oracle,0.0,1.0,0.0,50.0,0.0
256,50,0.3,2,generic_holdout_binary_release,0.052578762963904624,0.3935507316649854,0.6,50.0,0.0
256,50,0.3,2,naive_exact_audit_reuse,0.018397192814981447,0.9812855437314398,0.0,50.0,0.0
256,50,0.3,2,once_trained_private_reward_model,0.11206460911612111,0.7027133091924311,0.05600000000000001,50.0,0.0
256,50,0.3,2,privacy_stable_reusable_audit_gradient,0.09241681940925385,0.5788312035045384,0.16799999999999998,50.0,0.30000000000000016
256,50,0.3,2,reusable_holdout_thresholdout,0.03611016461351121,0.9424606747486795,0.0,50.0,0.0
256,50,0.3,8,H001_single_query_correction,0.012181061904513213,0.9883925057095537,0.0,50.0,0.0
256,50,0.3,8,disjoint_sample_splitting,0.03404670407193698,0.9191540871173473,0.0,8.0,0.0
256,50,0.3,8,fresh_audit_oracle,0.0,1.0,0.0,50.0,0.0
256,50,0.3,8,generic_holdout_binary_release,0.020982892375607083,0.9697232077748458,0.0,50.0,0.0
256,50,0.3,8,naive_exact_audit_reuse,0.013608347578945874,0.9882949373434953,0.0,50.0,0.0
256,50,0.3,8,once_trained_private_reward_model,0.2125410151252669,0.31589063556189206,0.13199999999999998,50.0,0.0
256,50,0.3,8,privacy_stable_reusable_audit_gradient,0.19144122795913865,0.36914377551288846,0.128,50.0,0.30000000000000016
256,50,0.3,8,reusable_holdout_thresholdout,0.020982892375607083,0.9697232077748458,0.0,50.0,0.0
256,50,0.3,32,H001_single_query_correction,0.005207940805209644,0.997970395937138,0.0,50.0,0.0
256,50,0.3,32,disjoint_sample_splitting,0.01681774539794691,0.9783145670817193,0.0,8.0,0.0
256,50,0.3,32,fresh_audit_oracle,0.0,1.0,0.0,50.0,0.0
256,50,0.3,32,generic_holdout_binary_release,0.009531368033668195,0.9932418227609741,0.0,50.0,0.0
256,50,0.3,32,naive_exact_audit_reuse,0.006688502209514306,0.9965448922329267,0.0,50.0,0.0
256,50,0.3,32,once_trained_private_reward_model,0.4452250698310314,0.18798013783920603,0.14400000000000002,50.0,0.0
256,50,0.3,32,privacy_stable_reusable_audit_gradient,0.40869297417501194,0.19074801269016492,0.15599999999999997,50.0,0.30000000000000016
256,50,0.3,32,reusable_holdout_thresholdout,0.009531368033668195,0.9932418227609741,0.0,50.0,0.0
256,50,1.0,2,H001_single_query_correction,0.018689954766635753,0.9861032467340513,0.0,50.0,0.0
256,50,1.0,2,disjoint_sample_splitting,0.059785832960958005,0.7737970759202619,0.05,8.0,0.0
256,50,1.0,2,fresh_audit_oracle,0.0,1.0,0.0,50.0,0.0
256,50,1.0,2,generic_holdout_binary_release,0.052578762963904624,0.3935507316649854,0.6,50.0,0.0
256,50,1.0,2,naive_exact_audit_reuse,0.018397192814981447,0.9812855437314398,0.0,50.0,0.0
256,50,1.0,2,once_trained_private_reward_model,0.04735539665512272,0.7655066838816935,0.08399999999999999,50.0,0.0
256,50,1.0,2,privacy_stable_reusable_audit_gradient,0.05454506391048691,0.8524484809044008,0.008,50.0,1.0000000000000004
256,50,1.0,2,reusable_holdout_thresholdout,0.03355684510672651,0.9274430502139485,0.0,50.0,0.0
256,50,1.0,8,H001_single_query_correction,0.012181061904513213,0.9883925057095537,0.0,50.0,0.0
256,50,1.0,8,disjoint_sample_splitting,0.03404670407193698,0.9191540871173473,0.0,8.0,0.0
256,50,1.0,8,fresh_audit_oracle,0.0,1.0,0.0,50.0,0.0
256,50,1.0,8,generic_holdout_binary_release,0.020982892375607083,0.9697232077748458,0.0,50.0,0.0
256,50,1.0,8,naive_exact_audit_reuse,0.013608347578945874,0.9882949373434953,0.0,50.0,0.0
256,50,1.0,8,once_trained_private_reward_model,0.11245927842197423,0.5761238411902372,0.012,50.0,0.0
256,50,1.0,8,privacy_stable_reusable_audit_gradient,0.10589190507124946,0.5733861478201043,0.024,50.0,1.0000000000000004
256,50,1.0,8,reusable_holdout_thresholdout,0.020982892375607083,0.9697232077748458,0.0,50.0,0.0
256,50,1.0,32,H001_single_query_correction,0.005207940805209644,0.997970395937138,0.0,50.0,0.0
256,50,1.0,32,disjoint_sample_splitting,0.01681774539794691,0.9783145670817193,0.0,8.0,0.0
256,50,1.0,32,fresh_audit_oracle,0.0,1.0,0.0,50.0,0.0
256,50,1.0,32,generic_holdout_binary_release,0.009531368033668195,0.9932418227609741,0.0,50.0,0.0
256,50,1.0,32,naive_exact_audit_reuse,0.006688502209514306,0.9965448922329267,0.0,50.0,0.0
256,50,1.0,32,once_trained_private_reward_model,0.23853957876866008,0.2973964628161904,0.05600000000000001,50.0,0.0
256,50,1.0,32,privacy_stable_reusable_audit_gradient,0.22216042077022782,0.30944237661001084,0.039999999999999994,50.0,1.0000000000000004
256,50,1.0,32,reusable_holdout_thresholdout,0.009531368033668195,0.9932418227609741,0.0,50.0,0.0
256,50,3.0,2,H001_single_query_correction,0.018689954766635753,0.9861032467340513,0.0,50.0,0.0
256,50,3.0,2,disjoint_sample_splitting,0.059785832960958005,0.7737970759202619,0.05,8.0,0.0
256,50,3.0,2,fresh_audit_oracle,0.0,1.0,0.0,50.0,0.0
256,50,3.0,2,generic_holdout_binary_release,0.052578762963904624,0.3935507316649854,0.6,50.0,0.0
256,50,3.0,2,naive_exact_audit_reuse,0.018397192814981447,0.9812855437314398,0.0,50.0,0.0
256,50,3.0,2,once_trained_private_reward_model,0.03467127639538693,0.9593137412822254,0.0,50.0,0.0
256,50,3.0,2,privacy_stable_reusable_audit_gradient,0.03386938633410515,0.9338752564066001,0.0,50.0,3.000000000000002
256,50,3.0,2,reusable_holdout_thresholdout,0.03725638449316766,0.8900556361155108,0.008,50.0,0.0
256,50,3.0,8,H001_single_query_correction,0.012181061904513213,0.9883925057095537,0.0,50.0,0.0
256,50,3.0,8,disjoint_sample_splitting,0.03404670407193698,0.9191540871173473,0.0,8.0,0.0
256,50,3.0,8,fresh_audit_oracle,0.0,1.0,0.0,50.0,0.0
256,50,3.0,8,generic_holdout_binary_release,0.020982892375607083,0.9697232077748458,0.0,50.0,0.0
256,50,3.0,8,naive_exact_audit_reuse,0.013608347578945874,0.9882949373434953,0.0,50.0,0.0
256,50,3.0,8,once_trained_private_reward_model,0.06372058959629476,0.8310187596400546,0.004,50.0,0.0
256,50,3.0,8,privacy_stable_reusable_audit_gradient,0.06329479005983688,0.7910046575076704,0.0,50.0,3.000000000000002
256,50,3.0,8,reusable_holdout_thresholdout,0.020982892375607083,0.9697232077748458,0.0,50.0,0.0
256,50,3.0,32,H001_single_query_correction,0.005207940805209644,0.997970395937138,0.0,50.0,0.0
256,50,3.0,32,disjoint_sample_splitting,0.01681774539794691,0.9783145670817193,0.0,8.0,0.0
256,50,3.0,32,fresh_audit_oracle,0.0,1.0,0.0,50.0,0.0
256,50,3.0,32,generic_holdout_binary_release,0.009531368033668195,0.9932418227609741,0.0,50.0,0.0
256,50,3.0,32,naive_exact_audit_reuse,0.006688502209514306,0.9965448922329267,0.0,50.0,0.0
256,50,3.0,32,once_trained_private_reward_model,0.134108856328575,0.5338514722274711,0.0,50.0,0.0
256,50,3.0,32,privacy_stable_reusable_audit_gradient,0.12938158711837558,0.519057304204844,0.0,50.0,3.000000000000002
256,50,3.0,32,reusable_holdout_thresholdout,0.009531368033668195,0.9932418227609741,0.0,50.0,0.0
256,100,0.1,2,H001_single_query_correction,0.01867791042566453,0.9861781163357761,0.0,100.0,0.0
256,100,0.1,2,disjoint_sample_splitting,0.059785832960958005,0.7737970759202619,0.05,8.0,0.0
256,100,0.1,2,fresh_audit_oracle,0.0,1.0,0.0,100.0,0.0
256,100,0.1,2,generic_holdout_binary_release,0.052444554398098434,0.3934065648308064,0.6,100.0,0.0
256,100,0.1,2,naive_exact_audit_reuse,0.018257909955175344,0.9816090830861668,0.0,100.0,0.0
256,100,0.1,2,once_trained_private_reward_model,0.1700510589884998,0.10568645637423593,0.49799999999999994,100.0,0.0
256,100,0.1,2,privacy_stable_reusable_audit_gradient,0.21973757929435714,0.26969935176821014,0.32999999999999996,100.0,0.10000000000000006
256,100,0.1,2,reusable_holdout_thresholdout,0.04018516605877261,0.8885402268261895,0.002,100.0,0.0
256,100,0.1,8,H001_single_query_correction,0.012181765544318632,0.9883931776487904,0.0,100.0,0.0
256,100,0.1,8,disjoint_sample_splitting,0.03404670407193698,0.9191540871173473,0.0,8.0,0.0
256,100,0.1,8,fresh_audit_oracle,0.0,1.0,0.0,100.0,0.0
256,100,0.1,8,generic_holdout_binary_release,0.0210213519976717,0.9695451639677947,0.0,100.0,0.0
256,100,0.1,8,naive_exact_audit_reuse,0.013727530181130602,0.9885207904751482,0.0,100.0,0.0
256,100,0.1,8,once_trained_private_reward_model,0.36409480822860274,0.1617282815829655,0.21000000000000002,100.0,0.0
256,100,0.1,8,privacy_stable_reusable_audit_gradient,0.4805187645269814,0.1164147070536798,0.36999999999999994,100.0,0.10000000000000006
256,100,0.1,8,reusable_holdout_thresholdout,0.0210213519976717,0.9695451639677947,0.0,100.0,0.0
256,100,0.1,32,H001_single_query_correction,0.00520632898879987,0.9979717671445568,0.0,100.0,0.0
256,100,0.1,32,disjoint_sample_splitting,0.01681774539794691,0.9783145670817193,0.0,8.0,0.0
256,100,0.1,32,fresh_audit_oracle,0.0,1.0,0.0,100.0,0.0
256,100,0.1,32,generic_holdout_binary_release,0.009579348791661476,0.9931780850031334,0.0,100.0,0.0
256,100,0.1,32,naive_exact_audit_reuse,0.0067378114321297675,0.996489599545242,0.0,100.0,0.0
256,100,0.1,32,once_trained_private_reward_model,0.7689946329616701,0.1400560804635055,0.052000000000000005,100.0,0.0
256,100,0.1,32,privacy_stable_reusable_audit_gradient,0.9791854382891791,0.08196468370653595,0.314,100.0,0.10000000000000006
256,100,0.1,32,reusable_holdout_thresholdout,0.009579348791661476,0.9931780850031334,0.0,100.0,0.0
256,100,0.3,2,H001_single_query_correction,0.01867791042566453,0.9861781163357761,0.0,100.0,0.0
256,100,0.3,2,disjoint_sample_splitting,0.059785832960958005,0.7737970759202619,0.05,8.0,0.0
256,100,0.3,2,fresh_audit_oracle,0.0,1.0,0.0,100.0,0.0
256,100,0.3,2,generic_holdout_binary_release,0.052444554398098434,0.3934065648308064,0.6,100.0,0.0
256,100,0.3,2,naive_exact_audit_reuse,0.018257909955175344,0.9816090830861668,0.0,100.0,0.0
256,100,0.3,2,once_trained_private_reward_model,0.09713235571078091,0.7039351713230908,0.076,100.0,0.0
256,100,0.3,2,privacy_stable_reusable_audit_gradient,0.131957354321584,0.4323483824894411,0.21599999999999997,100.0,0.3000000000000002
256,100,0.3,2,reusable_holdout_thresholdout,0.04160980960223344,0.8813843701500002,0.0,100.0,0.0
256,100,0.3,8,H001_single_query_correction,0.012181765544318632,0.9883931776487904,0.0,100.0,0.0
256,100,0.3,8,disjoint_sample_splitting,0.03404670407193698,0.9191540871173473,0.0,8.0,0.0
256,100,0.3,8,fresh_audit_oracle,0.0,1.0,0.0,100.0,0.0
256,100,0.3,8,generic_holdout_binary_release,0.0210213519976717,0.9695451639677947,0.0,100.0,0.0
256,100,0.3,8,naive_exact_audit_reuse,0.013727530181130602,0.9885207904751482,0.0,100.0,0.0
256,100,0.3,8,once_trained_private_reward_model,0.22264061622019898,0.33299442578387,0.05600000000000001,100.0,0.0
256,100,0.3,8,privacy_stable_reusable_audit_gradient,0.28115315604018415,0.2880038718448956,0.182,100.0,0.3000000000000002
256,100,0.3,8,reusable_holdout_thresholdout,0.0210213519976717,0.9695451639677947,0.0,100.0,0.0
256,100,0.3,32,H001_single_query_correction,0.00520632898879987,0.9979717671445568,0.0,100.0,0.0
256,100,0.3,32,disjoint_sample_splitting,0.01681774539794691,0.9783145670817193,0.0,8.0,0.0
256,100,0.3,32,fresh_audit_oracle,0.0,1.0,0.0,100.0,0.0
256,100,0.3,32,generic_holdout_binary_release,0.009579348791661476,0.9931780850031334,0.0,100.0,0.0
256,100,0.3,32,naive_exact_audit_reuse,0.0067378114321297675,0.996489599545242,0.0,100.0,0.0
256,100,0.3,32,once_trained_private_reward_model,0.4326129938338924,0.13102943209197906,0.182,100.0,0.0
256,100,0.3,32,privacy_stable_reusable_audit_gradient,0.5656704968744038,0.12791655765268667,0.246,100.0,0.3000000000000002
256,100,0.3,32,reusable_holdout_thresholdout,0.009579348791661476,0.9931780850031334,0.0,100.0,0.0
256,100,1.0,2,H001_single_query_correction,0.01867791042566453,0.9861781163357761,0.0,100.0,0.0
256,100,1.0,2,disjoint_sample_splitting,0.059785832960958005,0.7737970759202619,0.05,8.0,0.0
256,100,1.0,2,fresh_audit_oracle,0.0,1.0,0.0,100.0,0.0
256,100,1.0,2,generic_holdout_binary_release,0.052444554398098434,0.3934065648308064,0.6,100.0,0.0
256,100,1.0,2,naive_exact_audit_reuse,0.018257909955175344,0.9816090830861668,0.0,100.0,0.0
256,100,1.0,2,once_trained_private_reward_model,0.05456759872067213,0.8271569706298042,0.006,100.0,0.0
256,100,1.0,2,privacy_stable_reusable_audit_gradient,0.0722195206900931,0.7124123978743088,0.07999999999999999,100.0,1.0000000000000007
256,100,1.0,2,reusable_holdout_thresholdout,0.04036120986590251,0.8929218172478576,0.0,100.0,0.0
256,100,1.0,8,H001_single_query_correction,0.012181765544318632,0.9883931776487904,0.0,100.0,0.0
256,100,1.0,8,disjoint_sample_splitting,0.03404670407193698,0.9191540871173473,0.0,8.0,0.0
256,100,1.0,8,fresh_audit_oracle,0.0,1.0,0.0,100.0,0.0
256,100,1.0,8,generic_holdout_binary_release,0.0210213519976717,0.9695451639677947,0.0,100.0,0.0
256,100,1.0,8,naive_exact_audit_reuse,0.013727530181130602,0.9885207904751482,0.0,100.0,0.0
256,100,1.0,8,once_trained_private_reward_model,0.1076374455425995,0.5429992450130523,0.057999999999999996,100.0,0.0
256,100,1.0,8,privacy_stable_reusable_audit_gradient,0.1517845533494895,0.4459326431457418,0.08,100.0,1.0000000000000007
256,100,1.0,8,reusable_holdout_thresholdout,0.0210213519976717,0.9695451639677947,0.0,100.0,0.0
256,100,1.0,32,H001_single_query_correction,0.00520632898879987,0.9979717671445568,0.0,100.0,0.0
256,100,1.0,32,disjoint_sample_splitting,0.01681774539794691,0.9783145670817193,0.0,8.0,0.0
256,100,1.0,32,fresh_audit_oracle,0.0,1.0,0.0,100.0,0.0
256,100,1.0,32,generic_holdout_binary_release,0.009579348791661476,0.9931780850031334,0.0,100.0,0.0
256,100,1.0,32,naive_exact_audit_reuse,0.0067378114321297675,0.996489599545242,0.0,100.0,0.0
256,100,1.0,32,once_trained_private_reward_model,0.2535204229881388,0.2557857364009766,0.198,100.0,0.0
256,100,1.0,32,privacy_stable_reusable_audit_gradient,0.3098801275970651,0.24700378979189938,0.086,100.0,1.0000000000000007
256,100,1.0,32,reusable_holdout_thresholdout,0.009579348791661476,0.9931780850031334,0.0,100.0,0.0
256,100,3.0,2,H001_single_query_correction,0.01867791042566453,0.9861781163357761,0.0,100.0,0.0
256,100,3.0,2,disjoint_sample_splitting,0.059785832960958005,0.7737970759202619,0.05,8.0,0.0
256,100,3.0,2,fresh_audit_oracle,0.0,1.0,0.0,100.0,0.0
256,100,3.0,2,generic_holdout_binary_release,0.052444554398098434,0.3934065648308064,0.6,100.0,0.0
256,100,3.0,2,naive_exact_audit_reuse,0.018257909955175344,0.9816090830861668,0.0,100.0,0.0
256,100,3.0,2,once_trained_private_reward_model,0.035243936351178666,0.9365938659490078,0.0,100.0,0.0
256,100,3.0,2,privacy_stable_reusable_audit_gradient,0.04331474913642083,0.8962745129412749,0.006,100.0,2.999999999999995
256,100,3.0,2,reusable_holdout_thresholdout,0.040849055328625615,0.9218464281869163,0.0,100.0,0.0
256,100,3.0,8,H001_single_query_correction,0.012181765544318632,0.9883931776487904,0.0,100.0,0.0
256,100,3.0,8,disjoint_sample_splitting,0.03404670407193698,0.9191540871173473,0.0,8.0,0.0
256,100,3.0,8,fresh_audit_oracle,0.0,1.0,0.0,100.0,0.0
256,100,3.0,8,generic_holdout_binary_release,0.0210213519976717,0.9695451639677947,0.0,100.0,0.0
256,100,3.0,8,naive_exact_audit_reuse,0.013727530181130602,0.9885207904751482,0.0,100.0,0.0
256,100,3.0,8,once_trained_private_reward_model,0.062404751433186315,0.7732912703094135,0.0,100.0,0.0
256,100,3.0,8,privacy_stable_reusable_audit_gradient,0.08745706177293848,0.6446306238706383,0.012,100.0,2.999999999999995
256,100,3.0,8,reusable_holdout_thresholdout,0.0210213519976717,0.9695451639677947,0.0,100.0,0.0
256,100,3.0,32,H001_single_query_correction,0.00520632898879987,0.9979717671445568,0.0,100.0,0.0
256,100,3.0,32,disjoint_sample_splitting,0.01681774539794691,0.9783145670817193,0.0,8.0,0.0
256,100,3.0,32,fresh_audit_oracle,0.0,1.0,0.0,100.0,0.0
256,100,3.0,32,generic_holdout_binary_release,0.009579348791661476,0.9931780850031334,0.0,100.0,0.0
256,100,3.0,32,naive_exact_audit_reuse,0.0067378114321297675,0.996489599545242,0.0,100.0,0.0
256,100,3.0,32,once_trained_private_reward_model,0.14029505876674964,0.49549445296145433,0.0,100.0,0.0
256,100,3.0,32,privacy_stable_reusable_audit_gradient,0.17819318906561854,0.4077762877003665,0.008,100.0,2.999999999999995
256,100,3.0,32,reusable_holdout_thresholdout,0.009579348791661476,0.9931780850031334,0.0,100.0,0.0
256,250,0.1,2,H001_single_query_correction,0.018670683821081793,0.9862230380968112,0.0,250.0,0.0
256,250,0.1,2,disjoint_sample_splitting,0.059785832960958005,0.7737970759202619,0.05,8.0,0.0
256,250,0.1,2,fresh_audit_oracle,0.0,1.0,0.0,250.0,0.0
256,250,0.1,2,generic_holdout_binary_release,0.05236402925861472,0.3933200647302988,0.6,250.0,0.0
256,250,0.1,2,naive_exact_audit_reuse,0.018174272732335604,0.9818093230896274,0.0,250.0,0.0
256,250,0.1,2,once_trained_private_reward_model,0.1382490643203131,0.3456534669998708,0.268,250.0,0.0
256,250,0.1,2,privacy_stable_reusable_audit_gradient,0.34386033638149677,0.17991028394667952,0.388,250.0,0.09999999999999962
256,250,0.1,2,reusable_holdout_thresholdout,0.04421949088260936,0.9085457223639513,0.0,250.0,0.0
256,250,0.1,8,H001_single_query_correction,0.01218218772820188,0.9883935808123324,0.0,250.0,0.0
256,250,0.1,8,disjoint_sample_splitting,0.03404670407193698,0.9191540871173473,0.0,8.0,0.0
256,250,0.1,8,fresh_audit_oracle,0.0,1.0,0.0,250.0,0.0
256,250,0.1,8,generic_holdout_binary_release,0.021026614657940305,0.969497971668897,0.0,250.0,0.0
256,250,0.1,8,naive_exact_audit_reuse,0.013805984825215892,0.9886456984739755,0.0,250.0,0.0
256,250,0.1,8,once_trained_private_reward_model,0.36979275307293064,0.10848919557871986,0.37439999999999996,250.0,0.0
256,250,0.1,8,privacy_stable_reusable_audit_gradient,0.7613794305985938,0.09026437103480817,0.3848,250.0,0.09999999999999962
256,250,0.1,8,reusable_holdout_thresholdout,0.021026614657940305,0.969497971668897,0.0,250.0,0.0
256,250,0.1,32,H001_single_query_correction,0.0052053618989540045,0.9979725898690084,0.0,250.0,0.0
256,250,0.1,32,disjoint_sample_splitting,0.01681774539794691,0.9783145670817193,0.0,8.0,0.0
256,250,0.1,32,fresh_audit_oracle,0.0,1.0,0.0,250.0,0.0
256,250,0.1,32,generic_holdout_binary_release,0.009608095602934562,0.9931416252790385,0.0,250.0,0.0
256,250,0.1,32,naive_exact_audit_reuse,0.006768313428029843,0.9964554299106811,0.0,250.0,0.0
256,250,0.1,32,once_trained_private_reward_model,0.7371951282721145,0.08602236656860976,0.21200000000000002,250.0,0.0
256,250,0.1,32,privacy_stable_reusable_audit_gradient,1.5486993071375377,0.051968609137904534,0.3816,250.0,0.09999999999999962
256,250,0.1,32,reusable_holdout_thresholdout,0.009608095602934562,0.9931416252790385,0.0,250.0,0.0
256,250,0.3,2,H001_single_query_correction,0.018670683821081793,0.9862230380968112,0.0,250.0,0.0
256,250,0.3,2,disjoint_sample_splitting,0.059785832960958005,0.7737970759202619,0.05,8.0,0.0
256,250,0.3,2,fresh_audit_oracle,0.0,1.0,0.0,250.0,0.0
256,250,0.3,2,generic_holdout_binary_release,0.05236402925861472,0.3933200647302988,0.6,250.0,0.0
256,250,0.3,2,naive_exact_audit_reuse,0.018174272732335604,0.9818093230896274,0.0,250.0,0.0
256,250,0.3,2,once_trained_private_reward_model,0.06896515817322976,0.7989646903638163,0.055200000000000006,250.0,0.0
256,250,0.3,2,privacy_stable_reusable_audit_gradient,0.1980239789431752,0.2914678284662913,0.3128,250.0,0.30000000000000016
256,250,0.3,2,reusable_holdout_thresholdout,0.044690253811655575,0.8627716363121725,0.0008,250.0,0.0
256,250,0.3,8,H001_single_query_correction,0.01218218772820188,0.9883935808123324,0.0,250.0,0.0
256,250,0.3,8,disjoint_sample_splitting,0.03404670407193698,0.9191540871173473,0.0,8.0,0.0
256,250,0.3,8,fresh_audit_oracle,0.0,1.0,0.0,250.0,0.0
256,250,0.3,8,generic_holdout_binary_release,0.021026614657940305,0.969497971668897,0.0,250.0,0.0
256,250,0.3,8,naive_exact_audit_reuse,0.013805984825215892,0.9886456984739755,0.0,250.0,0.0
256,250,0.3,8,once_trained_private_reward_model,0.1846989749804871,0.4603079686791613,0.009600000000000001,250.0,0.0
256,250,0.3,8,privacy_stable_reusable_audit_gradient,0.4404161891458919,0.17426862482097513,0.3064,250.0,0.30000000000000016
256,250,0.3,8,reusable_holdout_thresholdout,0.021026614657940305,0.969497971668897,0.0,250.0,0.0
256,250,0.3,32,H001_single_query_correction,0.0052053618989540045,0.9979725898690084,0.0,250.0,0.0
256,250,0.3,32,disjoint_sample_splitting,0.01681774539794691,0.9783145670817193,0.0,8.0,0.0
256,250,0.3,32,fresh_audit_oracle,0.0,1.0,0.0,250.0,0.0
256,250,0.3,32,generic_holdout_binary_release,0.009608095602934562,0.9931416252790385,0.0,250.0,0.0
256,250,0.3,32,naive_exact_audit_reuse,0.006768313428029843,0.9964554299106811,0.0,250.0,0.0
256,250,0.3,32,once_trained_private_reward_model,0.42614522002911437,0.16594757623477777,0.1176,250.0,0.0
256,250,0.3,32,privacy_stable_reusable_audit_gradient,0.890914108848144,0.08866630154610793,0.2984,250.0,0.30000000000000016
256,250,0.3,32,reusable_holdout_thresholdout,0.009608095602934562,0.9931416252790385,0.0,250.0,0.0
256,250,1.0,2,H001_single_query_correction,0.018670683821081793,0.9862230380968112,0.0,250.0,0.0
256,250,1.0,2,disjoint_sample_splitting,0.059785832960958005,0.7737970759202619,0.05,8.0,0.0
256,250,1.0,2,fresh_audit_oracle,0.0,1.0,0.0,250.0,0.0
256,250,1.0,2,generic_holdout_binary_release,0.05236402925861472,0.3933200647302988,0.6,250.0,0.0
256,250,1.0,2,naive_exact_audit_reuse,0.018174272732335604,0.9818093230896274,0.0,250.0,0.0
256,250,1.0,2,once_trained_private_reward_model,0.04451941285859687,0.8678406255455158,0.0016,250.0,0.0
256,250,1.0,2,privacy_stable_reusable_audit_gradient,0.11107456329998082,0.48002100091449956,0.20400000000000001,250.0,1.0000000000000007
256,250,1.0,2,reusable_holdout_thresholdout,0.044190460246566275,0.8660709682142425,0.0008,250.0,0.0
256,250,1.0,8,H001_single_query_correction,0.01218218772820188,0.9883935808123324,0.0,250.0,0.0
256,250,1.0,8,disjoint_sample_splitting,0.03404670407193698,0.9191540871173473,0.0,8.0,0.0
256,250,1.0,8,fresh_audit_oracle,0.0,1.0,0.0,250.0,0.0
256,250,1.0,8,generic_holdout_binary_release,0.021026614657940305,0.969497971668897,0.0,250.0,0.0
256,250,1.0,8,naive_exact_audit_reuse,0.013805984825215892,0.9886456984739755,0.0,250.0,0.0
256,250,1.0,8,once_trained_private_reward_model,0.13391835198828933,0.35256431581174913,0.2624,250.0,0.0
256,250,1.0,8,privacy_stable_reusable_audit_gradient,0.2402534194241473,0.28420700753579897,0.19519999999999998,250.0,1.0000000000000007
256,250,1.0,8,reusable_holdout_thresholdout,0.021026614657940305,0.969497971668897,0.0,250.0,0.0
256,250,1.0,32,H001_single_query_correction,0.0052053618989540045,0.9979725898690084,0.0,250.0,0.0
256,250,1.0,32,disjoint_sample_splitting,0.01681774539794691,0.9783145670817193,0.0,8.0,0.0
256,250,1.0,32,fresh_audit_oracle,0.0,1.0,0.0,250.0,0.0
256,250,1.0,32,generic_holdout_binary_release,0.009608095602934562,0.9931416252790385,0.0,250.0,0.0
256,250,1.0,32,naive_exact_audit_reuse,0.006768313428029843,0.9964554299106811,0.0,250.0,0.0
256,250,1.0,32,once_trained_private_reward_model,0.2503130347174299,0.31146632431742843,0.0152,250.0,0.0
256,250,1.0,32,privacy_stable_reusable_audit_gradient,0.48917098711420337,0.15787708752317528,0.184,250.0,1.0000000000000007
256,250,1.0,32,reusable_holdout_thresholdout,0.009608095602934562,0.9931416252790385,0.0,250.0,0.0
256,250,3.0,2,H001_single_query_correction,0.018670683821081793,0.9862230380968112,0.0,250.0,0.0
256,250,3.0,2,disjoint_sample_splitting,0.059785832960958005,0.7737970759202619,0.05,8.0,0.0
256,250,3.0,2,fresh_audit_oracle,0.0,1.0,0.0,250.0,0.0
256,250,3.0,2,generic_holdout_binary_release,0.05236402925861472,0.3933200647302988,0.6,250.0,0.0
256,250,3.0,2,naive_exact_audit_reuse,0.018174272732335604,0.9818093230896274,0.0,250.0,0.0
256,250,3.0,2,once_trained_private_reward_model,0.030942268358572354,0.974949732488246,0.0,250.0,0.0
256,250,3.0,2,privacy_stable_reusable_audit_gradient,0.06389007970775981,0.777421506146662,0.044,250.0,3.000000000000002
256,250,3.0,2,reusable_holdout_thresholdout,0.04414069932045629,0.8680772735106853,0.0008,250.0,0.0
256,250,3.0,8,H001_single_query_correction,0.01218218772820188,0.9883935808123324,0.0,250.0,0.0
256,250,3.0,8,disjoint_sample_splitting,0.03404670407193698,0.9191540871173473,0.0,8.0,0.0
256,250,3.0,8,fresh_audit_oracle,0.0,1.0,0.0,250.0,0.0
256,250,3.0,8,generic_holdout_binary_release,0.021026614657940305,0.969497971668897,0.0,250.0,0.0
256,250,3.0,8,naive_exact_audit_reuse,0.013805984825215892,0.9886456984739755,0.0,250.0,0.0
256,250,3.0,8,once_trained_private_reward_model,0.06418267717771765,0.740182739041235,0.0,250.0,0.0
256,250,3.0,8,privacy_stable_reusable_audit_gradient,0.1372687744673097,0.46570549721912025,0.07120000000000001,250.0,3.000000000000002
256,250,3.0,8,reusable_holdout_thresholdout,0.021026614657940305,0.969497971668897,0.0,250.0,0.0
256,250,3.0,32,H001_single_query_correction,0.0052053618989540045,0.9979725898690084,0.0,250.0,0.0
256,250,3.0,32,disjoint_sample_splitting,0.01681774539794691,0.9783145670817193,0.0,8.0,0.0
256,250,3.0,32,fresh_audit_oracle,0.0,1.0,0.0,250.0,0.0
256,250,3.0,32,generic_holdout_binary_release,0.009608095602934562,0.9931416252790385,0.0,250.0,0.0
256,250,3.0,32,naive_exact_audit_reuse,0.006768313428029843,0.9964554299106811,0.0,250.0,0.0
256,250,3.0,32,once_trained_private_reward_model,0.14463053507941312,0.4940785882278623,0.0,250.0,0.0
256,250,3.0,32,privacy_stable_reusable_audit_gradient,0.2833375578167479,0.27087314338218593,0.05600000000000001,250.0,3.000000000000002
256,250,3.0,32,reusable_holdout_thresholdout,0.009608095602934562,0.9931416252790385,0.0,250.0,0.0
512,10,0.1,2,H001_single_query_correction,0.01661632963531149,0.9771376053933848,0.0,10.0,0.0
512,10,0.1,2,disjoint_sample_splitting,0.06067239366811321,0.7562271273119526,0.08,10.0,0.0
512,10,0.1,2,fresh_audit_oracle,0.0,1.0,0.0,10.0,0.0
512,10,0.1,2,generic_holdout_binary_release,0.027348993225805213,0.9374606401372579,0.04,10.0,0.0
512,10,0.1,2,naive_exact_audit_reuse,0.020110038966843737,0.9746904719573225,0.0,10.0,0.0
512,10,0.1,2,once_trained_private_reward_model,0.07240552034923943,0.6315623380525197,0.13999999999999999,10.0,0.0
512,10,0.1,2,privacy_stable_reusable_audit_gradient,0.03920507412532435,0.894404352994623,0.0,10.0,0.09999999999999999
512,10,0.1,2,reusable_holdout_thresholdout,0.024103854613761227,0.9840819856494034,0.0,10.0,0.0
512,10,0.1,8,H001_single_query_correction,0.008917210519639904,0.9938032913326694,0.0,10.0,0.0
512,10,0.1,8,disjoint_sample_splitting,0.032088064114319685,0.9344819474558174,0.0,10.0,0.0
512,10,0.1,8,fresh_audit_oracle,0.0,1.0,0.0,10.0,0.0
512,10,0.1,8,generic_holdout_binary_release,0.014204286824525342,0.985919201735722,0.0,10.0,0.0
512,10,0.1,8,naive_exact_audit_reuse,0.009660805451828198,0.9932430961847178,0.0,10.0,0.0
512,10,0.1,8,once_trained_private_reward_model,0.18104064696501443,0.3029501031696712,0.16,10.0,0.0
512,10,0.1,8,privacy_stable_reusable_audit_gradient,0.0793160261539372,0.7083057896067868,0.0,10.0,0.09999999999999999
512,10,0.1,8,reusable_holdout_thresholdout,0.014204286824525342,0.985919201735722,0.0,10.0,0.0
512,10,0.1,32,H001_single_query_correction,0.004215953282184178,0.9986063189540253,0.0,10.0,0.0
512,10,0.1,32,disjoint_sample_splitting,0.01689993718605374,0.9787297146572319,0.0,10.0,0.0
512,10,0.1,32,fresh_audit_oracle,0.0,1.0,0.0,10.0,0.0
512,10,0.1,32,generic_holdout_binary_release,0.006495315664196357,0.9967332214131186,0.0,10.0,0.0
512,10,0.1,32,naive_exact_audit_reuse,0.00470371098950924,0.9982979564438359,0.0,10.0,0.0
512,10,0.1,32,once_trained_private_reward_model,0.38492111272990853,0.1408045351851527,0.24000000000000005,10.0,0.0
512,10,0.1,32,privacy_stable_reusable_audit_gradient,0.15414533434771363,0.44934001170501875,0.02,10.0,0.09999999999999999
512,10,0.1,32,reusable_holdout_thresholdout,0.006495315664196357,0.9967332214131186,0.0,10.0,0.0
512,10,0.3,2,H001_single_query_correction,0.01661632963531149,0.9771376053933848,0.0,10.0,0.0
512,10,0.3,2,disjoint_sample_splitting,0.06067239366811321,0.7562271273119526,0.08,10.0,0.0
512,10,0.3,2,fresh_audit_oracle,0.0,1.0,0.0,10.0,0.0
512,10,0.3,2,generic_holdout_binary_release,0.027348993225805213,0.9374606401372579,0.04,10.0,0.0
512,10,0.3,2,naive_exact_audit_reuse,0.020110038966843737,0.9746904719573225,0.0,10.0,0.0
512,10,0.3,2,once_trained_private_reward_model,0.05861572735387438,0.573895606294062,0.13999999999999999,10.0,0.0
512,10,0.3,2,privacy_stable_reusable_audit_gradient,0.022537194116021807,0.9746312212407272,0.0,10.0,0.30000000000000004
512,10,0.3,2,reusable_holdout_thresholdout,0.02432922719152336,0.9815709692632643,0.0,10.0,0.0
512,10,0.3,8,H001_single_query_correction,0.008917210519639904,0.9938032913326694,0.0,10.0,0.0
512,10,0.3,8,disjoint_sample_splitting,0.032088064114319685,0.9344819474558174,0.0,10.0,0.0
512,10,0.3,8,fresh_audit_oracle,0.0,1.0,0.0,10.0,0.0
512,10,0.3,8,generic_holdout_binary_release,0.014204286824525342,0.985919201735722,0.0,10.0,0.0
512,10,0.3,8,naive_exact_audit_reuse,0.009660805451828198,0.9932430961847178,0.0,10.0,0.0
512,10,0.3,8,once_trained_private_reward_model,0.11249915054329018,0.5010929890354545,0.06,10.0,0.0
512,10,0.3,8,privacy_stable_reusable_audit_gradient,0.04348196494392572,0.8897223898409041,0.0,10.0,0.30000000000000004
512,10,0.3,8,reusable_holdout_thresholdout,0.014204286824525342,0.985919201735722,0.0,10.0,0.0
512,10,0.3,32,H001_single_query_correction,0.004215953282184178,0.9986063189540253,0.0,10.0,0.0
512,10,0.3,32,disjoint_sample_splitting,0.01689993718605374,0.9787297146572319,0.0,10.0,0.0
512,10,0.3,32,fresh_audit_oracle,0.0,1.0,0.0,10.0,0.0
512,10,0.3,32,generic_holdout_binary_release,0.006495315664196357,0.9967332214131186,0.0,10.0,0.0
512,10,0.3,32,naive_exact_audit_reuse,0.00470371098950924,0.9982979564438359,0.0,10.0,0.0
512,10,0.3,32,once_trained_private_reward_model,0.23315051295131967,0.35845539170137936,0.0,10.0,0.0
512,10,0.3,32,privacy_stable_reusable_audit_gradient,0.08952197256961267,0.655464033398659,0.0,10.0,0.30000000000000004
512,10,0.3,32,reusable_holdout_thresholdout,0.006495315664196357,0.9967332214131186,0.0,10.0,0.0
512,10,1.0,2,H001_single_query_correction,0.01661632963531149,0.9771376053933848,0.0,10.0,0.0
512,10,1.0,2,disjoint_sample_splitting,0.06067239366811321,0.7562271273119526,0.08,10.0,0.0
512,10,1.0,2,fresh_audit_oracle,0.0,1.0,0.0,10.0,0.0
512,10,1.0,2,generic_holdout_binary_release,0.027348993225805213,0.9374606401372579,0.04,10.0,0.0
512,10,1.0,2,naive_exact_audit_reuse,0.020110038966843737,0.9746904719573225,0.0,10.0,0.0
512,10,1.0,2,once_trained_private_reward_model,0.03600426952164182,0.9551664092858628,0.0,10.0,0.0
512,10,1.0,2,privacy_stable_reusable_audit_gradient,0.021602293491623258,0.9751855284988427,0.0,10.0,0.9999999999999998
512,10,1.0,2,reusable_holdout_thresholdout,0.023657010913519894,0.9831029847081357,0.0,10.0,0.0
512,10,1.0,8,H001_single_query_correction,0.008917210519639904,0.9938032913326694,0.0,10.0,0.0
512,10,1.0,8,disjoint_sample_splitting,0.032088064114319685,0.9344819474558174,0.0,10.0,0.0
512,10,1.0,8,fresh_audit_oracle,0.0,1.0,0.0,10.0,0.0
512,10,1.0,8,generic_holdout_binary_release,0.014204286824525342,0.985919201735722,0.0,10.0,0.0
512,10,1.0,8,naive_exact_audit_reuse,0.009660805451828198,0.9932430961847178,0.0,10.0,0.0
512,10,1.0,8,once_trained_private_reward_model,0.05665759914977001,0.8219700003779773,0.0,10.0,0.0
512,10,1.0,8,privacy_stable_reusable_audit_gradient,0.025645079402443,0.9544692404990262,0.0,10.0,0.9999999999999998
512,10,1.0,8,reusable_holdout_thresholdout,0.014204286824525342,0.985919201735722,0.0,10.0,0.0
512,10,1.0,32,H001_single_query_correction,0.004215953282184178,0.9986063189540253,0.0,10.0,0.0
512,10,1.0,32,disjoint_sample_splitting,0.01689993718605374,0.9787297146572319,0.0,10.0,0.0
512,10,1.0,32,fresh_audit_oracle,0.0,1.0,0.0,10.0,0.0
512,10,1.0,32,generic_holdout_binary_release,0.006495315664196357,0.9967332214131186,0.0,10.0,0.0
512,10,1.0,32,naive_exact_audit_reuse,0.00470371098950924,0.9982979564438359,0.0,10.0,0.0
512,10,1.0,32,once_trained_private_reward_model,0.12527686790595968,0.6017397746489939,0.0,10.0,0.0
512,10,1.0,32,privacy_stable_reusable_audit_gradient,0.04785781936574072,0.8673900161629133,0.0,10.0,0.9999999999999998
512,10,1.0,32,reusable_holdout_thresholdout,0.006495315664196357,0.9967332214131186,0.0,10.0,0.0
512,10,3.0,2,H001_single_query_correction,0.01661632963531149,0.9771376053933848,0.0,10.0,0.0
512,10,3.0,2,disjoint_sample_splitting,0.06067239366811321,0.7562271273119526,0.08,10.0,0.0
512,10,3.0,2,fresh_audit_oracle,0.0,1.0,0.0,10.0,0.0
512,10,3.0,2,generic_holdout_binary_release,0.027348993225805213,0.9374606401372579,0.04,10.0,0.0
512,10,3.0,2,naive_exact_audit_reuse,0.020110038966843737,0.9746904719573225,0.0,10.0,0.0
512,10,3.0,2,once_trained_private_reward_model,0.023763160454181153,0.9810752857966086,0.0,10.0,0.0
512,10,3.0,2,privacy_stable_reusable_audit_gradient,0.02175610825241054,0.9697353559865343,0.0,10.0,2.9999999999999996
512,10,3.0,2,reusable_holdout_thresholdout,0.02513987003229361,0.976626732800462,0.0,10.0,0.0
512,10,3.0,8,H001_single_query_correction,0.008917210519639904,0.9938032913326694,0.0,10.0,0.0
512,10,3.0,8,disjoint_sample_splitting,0.032088064114319685,0.9344819474558174,0.0,10.0,0.0
512,10,3.0,8,fresh_audit_oracle,0.0,1.0,0.0,10.0,0.0
512,10,3.0,8,generic_holdout_binary_release,0.014204286824525342,0.985919201735722,0.0,10.0,0.0
512,10,3.0,8,naive_exact_audit_reuse,0.009660805451828198,0.9932430961847178,0.0,10.0,0.0
512,10,3.0,8,once_trained_private_reward_model,0.03781205081860743,0.9004486400536503,0.0,10.0,0.0
512,10,3.0,8,privacy_stable_reusable_audit_gradient,0.016792540110226812,0.9793067470415077,0.0,10.0,2.9999999999999996
512,10,3.0,8,reusable_holdout_thresholdout,0.014204286824525342,0.985919201735722,0.0,10.0,0.0
512,10,3.0,32,H001_single_query_correction,0.004215953282184178,0.9986063189540253,0.0,10.0,0.0
512,10,3.0,32,disjoint_sample_splitting,0.01689993718605374,0.9787297146572319,0.0,10.0,0.0
512,10,3.0,32,fresh_audit_oracle,0.0,1.0,0.0,10.0,0.0
512,10,3.0,32,generic_holdout_binary_release,0.006495315664196357,0.9967332214131186,0.0,10.0,0.0
512,10,3.0,32,naive_exact_audit_reuse,0.00470371098950924,0.9982979564438359,0.0,10.0,0.0
512,10,3.0,32,once_trained_private_reward_model,0.07216101440250842,0.7465086033406949,0.0,10.0,0.0
512,10,3.0,32,privacy_stable_reusable_audit_gradient,0.028931659627528063,0.9408046897520659,0.0,10.0,2.9999999999999996
512,10,3.0,32,reusable_holdout_thresholdout,0.006495315664196357,0.9967332214131186,0.0,10.0,0.0
512,50,0.1,2,H001_single_query_correction,0.01638223108723384,0.9773802971955969,0.0,50.0,0.0
512,50,0.1,2,disjoint_sample_splitting,0.05974412385929182,0.7680854532844991,0.0875,16.0,0.0
512,50,0.1,2,fresh_audit_oracle,0.0,1.0,0.0,50.0,0.0
512,50,0.1,2,generic_holdout_binary_release,0.028494103470725375,0.9286617589775036,0.048,50.0,0.0
512,50,0.1,2,naive_exact_audit_reuse,0.018856817432830297,0.9759305350389212,0.0,50.0,0.0
512,50,0.1,2,once_trained_private_reward_model,0.11181621837151659,0.5619602178085352,0.02,50.0,0.0
512,50,0.1,2,privacy_stable_reusable_audit_gradient,0.07546625140273906,0.7403916380447778,0.06,50.0,0.10000000000000006
512,50,0.1,2,reusable_holdout_thresholdout,0.0281150255206132,0.9558735649333517,0.0,50.0,0.0
512,50,0.1,8,H001_single_query_correction,0.008969664251052103,0.9937671441617345,0.0,50.0,0.0
512,50,0.1,8,disjoint_sample_splitting,0.0335759073663716,0.9244533185778077,0.0,16.0,0.0
512,50,0.1,8,fresh_audit_oracle,0.0,1.0,0.0,50.0,0.0
512,50,0.1,8,generic_holdout_binary_release,0.014184834524745237,0.985706692922317,0.0,50.0,0.0
512,50,0.1,8,naive_exact_audit_reuse,0.009100199125904923,0.9940613741722386,0.0,50.0,0.0
512,50,0.1,8,once_trained_private_reward_model,0.1999045944738705,0.3825178038578217,0.10800000000000001,50.0,0.0
512,50,0.1,8,privacy_stable_reusable_audit_gradient,0.17074085564895872,0.4084360648818491,0.10400000000000001,50.0,0.10000000000000006
512,50,0.1,8,reusable_holdout_thresholdout,0.014184834524745237,0.985706692922317,0.0,50.0,0.0
512,50,0.1,32,H001_single_query_correction,0.0041896659398946625,0.9986233017049665,0.0,50.0,0.0
512,50,0.1,32,disjoint_sample_splitting,0.016972939271680376,0.9785198324164297,0.0,16.0,0.0
512,50,0.1,32,fresh_audit_oracle,0.0,1.0,0.0,50.0,0.0
512,50,0.1,32,generic_holdout_binary_release,0.006496446778137962,0.996727015374551,0.0,50.0,0.0
512,50,0.1,32,naive_exact_audit_reuse,0.004728654005436191,0.9982809287661871,0.0,50.0,0.0
512,50,0.1,32,once_trained_private_reward_model,0.3928551884333765,0.142485667952587,0.3,50.0,0.0
512,50,0.1,32,privacy_stable_reusable_audit_gradient,0.34429319873627856,0.2338400775608423,0.10400000000000001,50.0,0.10000000000000006
512,50,0.1,32,reusable_holdout_thresholdout,0.006496446778137962,0.996727015374551,0.0,50.0,0.0
512,50,0.3,2,H001_single_query_correction,0.01638223108723384,0.9773802971955969,0.0,50.0,0.0
512,50,0.3,2,disjoint_sample_splitting,0.05974412385929182,0.7680854532844991,0.0875,16.0,0.0
512,50,0.3,2,fresh_audit_oracle,0.0,1.0,0.0,50.0,0.0
512,50,0.3,2,generic_holdout_binary_release,0.028494103470725375,0.9286617589775036,0.048,50.0,0.0
512,50,0.3,2,naive_exact_audit_reuse,0.018856817432830297,0.9759305350389212,0.0,50.0,0.0
512,50,0.3,2,once_trained_private_reward_model,0.03716450656205995,0.9398184672648411,0.0,50.0,0.0
512,50,0.3,2,privacy_stable_reusable_audit_gradient,0.04836852757800562,0.8771294576868,0.016,50.0,0.30000000000000016
512,50,0.3,2,reusable_holdout_thresholdout,0.027949764515029018,0.9568969350334644,0.0,50.0,0.0
512,50,0.3,8,H001_single_query_correction,0.008969664251052103,0.9937671441617345,0.0,50.0,0.0
512,50,0.3,8,disjoint_sample_splitting,0.0335759073663716,0.9244533185778077,0.0,16.0,0.0
512,50,0.3,8,fresh_audit_oracle,0.0,1.0,0.0,50.0,0.0
512,50,0.3,8,generic_holdout_binary_release,0.014184834524745237,0.985706692922317,0.0,50.0,0.0
512,50,0.3,8,naive_exact_audit_reuse,0.009100199125904923,0.9940613741722386,0.0,50.0,0.0
512,50,0.3,8,once_trained_private_reward_model,0.11483733695205971,0.6174032981609223,0.0,50.0,0.0
512,50,0.3,8,privacy_stable_reusable_audit_gradient,0.09860297309619202,0.6175048092094106,0.012,50.0,0.30000000000000016
512,50,0.3,8,reusable_holdout_thresholdout,0.014184834524745237,0.985706692922317,0.0,50.0,0.0
512,50,0.3,32,H001_single_query_correction,0.0041896659398946625,0.9986233017049665,0.0,50.0,0.0
512,50,0.3,32,disjoint_sample_splitting,0.016972939271680376,0.9785198324164297,0.0,16.0,0.0
512,50,0.3,32,fresh_audit_oracle,0.0,1.0,0.0,50.0,0.0
512,50,0.3,32,generic_holdout_binary_release,0.006496446778137962,0.996727015374551,0.0,50.0,0.0
512,50,0.3,32,naive_exact_audit_reuse,0.004728654005436191,0.9982809287661871,0.0,50.0,0.0
512,50,0.3,32,once_trained_private_reward_model,0.23262099790458354,0.3626945431816623,0.0,50.0,0.0
512,50,0.3,32,privacy_stable_reusable_audit_gradient,0.19826803429915796,0.37398703332427435,0.012,50.0,0.30000000000000016
512,50,0.3,32,reusable_holdout_thresholdout,0.006496446778137962,0.996727015374551,0.0,50.0,0.0
512,50,1.0,2,H001_single_query_correction,0.01638223108723384,0.9773802971955969,0.0,50.0,0.0
512,50,1.0,2,disjoint_sample_splitting,0.05974412385929182,0.7680854532844991,0.0875,16.0,0.0
512,50,1.0,2,fresh_audit_oracle,0.0,1.0,0.0,50.0,0.0
512,50,1.0,2,generic_holdout_binary_release,0.028494103470725375,0.9286617589775036,0.048,50.0,0.0
512,50,1.0,2,naive_exact_audit_reuse,0.018856817432830297,0.9759305350389212,0.0,50.0,0.0
512,50,1.0,2,once_trained_private_reward_model,0.028685194041723806,0.941245867852629,0.0,50.0,0.0
512,50,1.0,2,privacy_stable_reusable_audit_gradient,0.03069353498496282,0.9631755310435384,0.0,50.0,1.0000000000000004
512,50,1.0,2,reusable_holdout_thresholdout,0.028364252637749644,0.9535054590578801,0.0,50.0,0.0
512,50,1.0,8,H001_single_query_correction,0.008969664251052103,0.9937671441617345,0.0,50.0,0.0
512,50,1.0,8,disjoint_sample_splitting,0.0335759073663716,0.9244533185778077,0.0,16.0,0.0
512,50,1.0,8,fresh_audit_oracle,0.0,1.0,0.0,50.0,0.0
512,50,1.0,8,generic_holdout_binary_release,0.014184834524745237,0.985706692922317,0.0,50.0,0.0
512,50,1.0,8,naive_exact_audit_reuse,0.009100199125904923,0.9940613741722386,0.0,50.0,0.0
512,50,1.0,8,once_trained_private_reward_model,0.05788582803527764,0.8226570264200562,0.0,50.0,0.0
512,50,1.0,8,privacy_stable_reusable_audit_gradient,0.05372067819915952,0.8338937571447442,0.0,50.0,1.0000000000000004
512,50,1.0,8,reusable_holdout_thresholdout,0.014184834524745237,0.985706692922317,0.0,50.0,0.0
512,50,1.0,32,H001_single_query_correction,0.0041896659398946625,0.9986233017049665,0.0,50.0,0.0
512,50,1.0,32,disjoint_sample_splitting,0.016972939271680376,0.9785198324164297,0.0,16.0,0.0
512,50,1.0,32,fresh_audit_oracle,0.0,1.0,0.0,50.0,0.0
512,50,1.0,32,generic_holdout_binary_release,0.006496446778137962,0.996727015374551,0.0,50.0,0.0
512,50,1.0,32,naive_exact_audit_reuse,0.004728654005436191,0.9982809287661871,0.0,50.0,0.0
512,50,1.0,32,once_trained_private_reward_model,0.12351590958062278,0.5200263214726494,0.0,50.0,0.0
512,50,1.0,32,privacy_stable_reusable_audit_gradient,0.11089356202974594,0.5941893135589705,0.0,50.0,1.0000000000000004
512,50,1.0,32,reusable_holdout_thresholdout,0.006496446778137962,0.996727015374551,0.0,50.0,0.0
512,50,3.0,2,H001_single_query_correction,0.01638223108723384,0.9773802971955969,0.0,50.0,0.0
512,50,3.0,2,disjoint_sample_splitting,0.05974412385929182,0.7680854532844991,0.0875,16.0,0.0
512,50,3.0,2,fresh_audit_oracle,0.0,1.0,0.0,50.0,0.0
512,50,3.0,2,generic_holdout_binary_release,0.028494103470725375,0.9286617589775036,0.048,50.0,0.0
512,50,3.0,2,naive_exact_audit_reuse,0.018856817432830297,0.9759305350389212,0.0,50.0,0.0
512,50,3.0,2,once_trained_private_reward_model,0.025427058601291908,0.970202058899589,0.0,50.0,0.0
512,50,3.0,2,privacy_stable_reusable_audit_gradient,0.024309341695899427,0.9717106835677483,0.0,50.0,3.000000000000002
512,50,3.0,2,reusable_holdout_thresholdout,0.028517570050165503,0.9701268713525293,0.0,50.0,0.0
512,50,3.0,8,H001_single_query_correction,0.008969664251052103,0.9937671441617345,0.0,50.0,0.0
512,50,3.0,8,disjoint_sample_splitting,0.0335759073663716,0.9244533185778077,0.0,16.0,0.0
512,50,3.0,8,fresh_audit_oracle,0.0,1.0,0.0,50.0,0.0
512,50,3.0,8,generic_holdout_binary_release,0.014184834524745237,0.985706692922317,0.0,50.0,0.0
512,50,3.0,8,naive_exact_audit_reuse,0.009100199125904923,0.9940613741722386,0.0,50.0,0.0
512,50,3.0,8,once_trained_private_reward_model,0.036329913498141485,0.9221478139421875,0.0,50.0,0.0
512,50,3.0,8,privacy_stable_reusable_audit_gradient,0.033340004937562964,0.9254948051748226,0.0,50.0,3.000000000000002
512,50,3.0,8,reusable_holdout_thresholdout,0.014184834524745237,0.985706692922317,0.0,50.0,0.0
512,50,3.0,32,H001_single_query_correction,0.0041896659398946625,0.9986233017049665,0.0,50.0,0.0
512,50,3.0,32,disjoint_sample_splitting,0.016972939271680376,0.9785198324164297,0.0,16.0,0.0
512,50,3.0,32,fresh_audit_oracle,0.0,1.0,0.0,50.0,0.0
512,50,3.0,32,generic_holdout_binary_release,0.006496446778137962,0.996727015374551,0.0,50.0,0.0
512,50,3.0,32,naive_exact_audit_reuse,0.004728654005436191,0.9982809287661871,0.0,50.0,0.0
512,50,3.0,32,once_trained_private_reward_model,0.0742671232003241,0.736452625904779,0.0,50.0,0.0
512,50,3.0,32,privacy_stable_reusable_audit_gradient,0.06386913041462883,0.7787770838286182,0.0,50.0,3.000000000000002
512,50,3.0,32,reusable_holdout_thresholdout,0.006496446778137962,0.996727015374551,0.0,50.0,0.0
512,100,0.1,2,H001_single_query_correction,0.016352968768724132,0.9774106336708737,0.0,100.0,0.0
512,100,0.1,2,disjoint_sample_splitting,0.05974412385929182,0.7680854532844991,0.0875,16.0,0.0
512,100,0.1,2,fresh_audit_oracle,0.0,1.0,0.0,100.0,0.0
512,100,0.1,2,generic_holdout_binary_release,0.028598143630668333,0.9285519179862101,0.048,100.0,0.0
512,100,0.1,2,naive_exact_audit_reuse,0.01869970674926063,0.9760855866118172,0.0,100.0,0.0
512,100,0.1,2,once_trained_private_reward_model,0.07133119855325254,0.9134321991336559,0.002,100.0,0.0
512,100,0.1,2,privacy_stable_reusable_audit_gradient,0.10914593897285194,0.5596197125331639,0.16,100.0,0.10000000000000006
512,100,0.1,2,reusable_holdout_thresholdout,0.029023955757019833,0.9504124604460518,0.0,100.0,0.0
512,100,0.1,8,H001_single_query_correction,0.008976220967478628,0.9937626257653676,0.0,100.0,0.0
512,100,0.1,8,disjoint_sample_splitting,0.0335759073663716,0.9244533185778077,0.0,16.0,0.0
512,100,0.1,8,fresh_audit_oracle,0.0,1.0,0.0,100.0,0.0
512,100,0.1,8,generic_holdout_binary_release,0.014153541873071157,0.985631152504328,0.0,100.0,0.0
512,100,0.1,8,naive_exact_audit_reuse,0.009024446119005335,0.9941509929489621,0.0,100.0,0.0
512,100,0.1,8,once_trained_private_reward_model,0.19466489349253835,0.4354905146762846,0.018,100.0,0.0
512,100,0.1,8,privacy_stable_reusable_audit_gradient,0.2385529383370372,0.292501411560651,0.19,100.0,0.10000000000000006
512,100,0.1,8,reusable_holdout_thresholdout,0.014153541873071157,0.985631152504328,0.0,100.0,0.0
512,100,0.1,32,H001_single_query_correction,0.004186380022108473,0.9986254245488343,0.0,100.0,0.0
512,100,0.1,32,disjoint_sample_splitting,0.016972939271680376,0.9785198324164297,0.0,16.0,0.0
512,100,0.1,32,fresh_audit_oracle,0.0,1.0,0.0,100.0,0.0
512,100,0.1,32,generic_holdout_binary_release,0.006499375262942857,0.996724490731497,0.0,100.0,0.0
512,100,0.1,32,naive_exact_audit_reuse,0.0046896591558527965,0.9983058577568734,0.0,100.0,0.0
512,100,0.1,32,once_trained_private_reward_model,0.398207136147125,0.21276085758767413,0.064,100.0,0.0
512,100,0.1,32,privacy_stable_reusable_audit_gradient,0.49318990856196787,0.1612987197202882,0.21200000000000002,100.0,0.10000000000000006
512,100,0.1,32,reusable_holdout_thresholdout,0.006499375262942857,0.996724490731497,0.0,100.0,0.0
512,100,0.3,2,H001_single_query_correction,0.016352968768724132,0.9774106336708737,0.0,100.0,0.0
512,100,0.3,2,disjoint_sample_splitting,0.05974412385929182,0.7680854532844991,0.0875,16.0,0.0
512,100,0.3,2,fresh_audit_oracle,0.0,1.0,0.0,100.0,0.0
512,100,0.3,2,generic_holdout_binary_release,0.028598143630668333,0.9285519179862101,0.048,100.0,0.0
512,100,0.3,2,naive_exact_audit_reuse,0.01869970674926063,0.9760855866118172,0.0,100.0,0.0
512,100,0.3,2,once_trained_private_reward_model,0.04031892750142648,0.9214013335332751,0.0,100.0,0.0
512,100,0.3,2,privacy_stable_reusable_audit_gradient,0.06789079684712516,0.7812243249933275,0.05,100.0,0.3000000000000002
512,100,0.3,2,reusable_holdout_thresholdout,0.028958835678588025,0.9671973195848903,0.0,100.0,0.0
512,100,0.3,8,H001_single_query_correction,0.008976220967478628,0.9937626257653676,0.0,100.0,0.0
512,100,0.3,8,disjoint_sample_splitting,0.0335759073663716,0.9244533185778077,0.0,16.0,0.0
512,100,0.3,8,fresh_audit_oracle,0.0,1.0,0.0,100.0,0.0
512,100,0.3,8,generic_holdout_binary_release,0.014153541873071157,0.985631152504328,0.0,100.0,0.0
512,100,0.3,8,naive_exact_audit_reuse,0.009024446119005335,0.9941509929489621,0.0,100.0,0.0
512,100,0.3,8,once_trained_private_reward_model,0.1074209240415196,0.5684022904025616,0.0,100.0,0.0
512,100,0.3,8,privacy_stable_reusable_audit_gradient,0.13794860210399737,0.4954575269907641,0.052000000000000005,100.0,0.3000000000000002
512,100,0.3,8,reusable_holdout_thresholdout,0.014153541873071157,0.985631152504328,0.0,100.0,0.0
512,100,0.3,32,H001_single_query_correction,0.004186380022108473,0.9986254245488343,0.0,100.0,0.0
512,100,0.3,32,disjoint_sample_splitting,0.016972939271680376,0.9785198324164297,0.0,16.0,0.0
512,100,0.3,32,fresh_audit_oracle,0.0,1.0,0.0,100.0,0.0
512,100,0.3,32,generic_holdout_binary_release,0.006499375262942857,0.996724490731497,0.0,100.0,0.0
512,100,0.3,32,naive_exact_audit_reuse,0.0046896591558527965,0.9983058577568734,0.0,100.0,0.0
512,100,0.3,32,once_trained_private_reward_model,0.22077203871873677,0.26477370810177037,0.0,100.0,0.0
512,100,0.3,32,privacy_stable_reusable_audit_gradient,0.2799366762817715,0.26819504424912677,0.078,100.0,0.3000000000000002
512,100,0.3,32,reusable_holdout_thresholdout,0.006499375262942857,0.996724490731497,0.0,100.0,0.0
512,100,1.0,2,H001_single_query_correction,0.016352968768724132,0.9774106336708737,0.0,100.0,0.0
512,100,1.0,2,disjoint_sample_splitting,0.05974412385929182,0.7680854532844991,0.0875,16.0,0.0
512,100,1.0,2,fresh_audit_oracle,0.0,1.0,0.0,100.0,0.0
512,100,1.0,2,generic_holdout_binary_release,0.028598143630668333,0.9285519179862101,0.048,100.0,0.0
512,100,1.0,2,naive_exact_audit_reuse,0.01869970674926063,0.9760855866118172,0.0,100.0,0.0
512,100,1.0,2,once_trained_private_reward_model,0.03488350984284827,0.9366608510484451,0.0,100.0,0.0
512,100,1.0,2,privacy_stable_reusable_audit_gradient,0.03993443847457375,0.9283245923786453,0.0,100.0,1.0000000000000007
512,100,1.0,2,reusable_holdout_thresholdout,0.028880816122161496,0.9680885107864123,0.0,100.0,0.0
512,100,1.0,8,H001_single_query_correction,0.008976220967478628,0.9937626257653676,0.0,100.0,0.0
512,100,1.0,8,disjoint_sample_splitting,0.0335759073663716,0.9244533185778077,0.0,16.0,0.0
512,100,1.0,8,fresh_audit_oracle,0.0,1.0,0.0,100.0,0.0
512,100,1.0,8,generic_holdout_binary_release,0.014153541873071157,0.985631152504328,0.0,100.0,0.0
512,100,1.0,8,naive_exact_audit_reuse,0.009024446119005335,0.9941509929489621,0.0,100.0,0.0
512,100,1.0,8,once_trained_private_reward_model,0.06212070371847731,0.8028654541355396,0.0,100.0,0.0
512,100,1.0,8,privacy_stable_reusable_audit_gradient,0.07696302179246757,0.7044974505401245,0.006,100.0,1.0000000000000007
512,100,1.0,8,reusable_holdout_thresholdout,0.014153541873071157,0.985631152504328,0.0,100.0,0.0
512,100,1.0,32,H001_single_query_correction,0.004186380022108473,0.9986254245488343,0.0,100.0,0.0
512,100,1.0,32,disjoint_sample_splitting,0.016972939271680376,0.9785198324164297,0.0,16.0,0.0
512,100,1.0,32,fresh_audit_oracle,0.0,1.0,0.0,100.0,0.0
512,100,1.0,32,generic_holdout_binary_release,0.006499375262942857,0.996724490731497,0.0,100.0,0.0
512,100,1.0,32,naive_exact_audit_reuse,0.0046896591558527965,0.9983058577568734,0.0,100.0,0.0
512,100,1.0,32,once_trained_private_reward_model,0.12146214497502483,0.5311937931900463,0.0,100.0,0.0
512,100,1.0,32,privacy_stable_reusable_audit_gradient,0.15555081134436674,0.4456266510365424,0.004,100.0,1.0000000000000007
512,100,1.0,32,reusable_holdout_thresholdout,0.006499375262942857,0.996724490731497,0.0,100.0,0.0
512,100,3.0,2,H001_single_query_correction,0.016352968768724132,0.9774106336708737,0.0,100.0,0.0
512,100,3.0,2,disjoint_sample_splitting,0.05974412385929182,0.7680854532844991,0.0875,16.0,0.0
512,100,3.0,2,fresh_audit_oracle,0.0,1.0,0.0,100.0,0.0
512,100,3.0,2,generic_holdout_binary_release,0.028598143630668333,0.9285519179862101,0.048,100.0,0.0
512,100,3.0,2,naive_exact_audit_reuse,0.01869970674926063,0.9760855866118172,0.0,100.0,0.0
512,100,3.0,2,once_trained_private_reward_model,0.02558464939338386,0.9665016821537729,0.0,100.0,0.0
512,100,3.0,2,privacy_stable_reusable_audit_gradient,0.028036282401217506,0.9661177115979364,0.0,100.0,2.999999999999995
512,100,3.0,2,reusable_holdout_thresholdout,0.02899841011595341,0.9504417490200125,0.0,100.0,0.0
512,100,3.0,8,H001_single_query_correction,0.008976220967478628,0.9937626257653676,0.0,100.0,0.0
512,100,3.0,8,disjoint_sample_splitting,0.0335759073663716,0.9244533185778077,0.0,16.0,0.0
512,100,3.0,8,fresh_audit_oracle,0.0,1.0,0.0,100.0,0.0
512,100,3.0,8,generic_holdout_binary_release,0.014153541873071157,0.985631152504328,0.0,100.0,0.0
512,100,3.0,8,naive_exact_audit_reuse,0.009024446119005335,0.9941509929489621,0.0,100.0,0.0
512,100,3.0,8,once_trained_private_reward_model,0.03556815291895552,0.9118778328367156,0.0,100.0,0.0
512,100,3.0,8,privacy_stable_reusable_audit_gradient,0.04512101268938847,0.873809825331006,0.0,100.0,2.999999999999995
512,100,3.0,8,reusable_holdout_thresholdout,0.014153541873071157,0.985631152504328,0.0,100.0,0.0
512,100,3.0,32,H001_single_query_correction,0.004186380022108473,0.9986254245488343,0.0,100.0,0.0
512,100,3.0,32,disjoint_sample_splitting,0.016972939271680376,0.9785198324164297,0.0,16.0,0.0
512,100,3.0,32,fresh_audit_oracle,0.0,1.0,0.0,100.0,0.0
512,100,3.0,32,generic_holdout_binary_release,0.006499375262942857,0.996724490731497,0.0,100.0,0.0
512,100,3.0,32,naive_exact_audit_reuse,0.0046896591558527965,0.9983058577568734,0.0,100.0,0.0
512,100,3.0,32,once_trained_private_reward_model,0.07219964348533252,0.7476469564086781,0.0,100.0,0.0
512,100,3.0,32,privacy_stable_reusable_audit_gradient,0.08957449790186692,0.6609580859562904,0.0,100.0,2.999999999999995
512,100,3.0,32,reusable_holdout_thresholdout,0.006499375262942857,0.996724490731497,0.0,100.0,0.0
512,250,0.1,2,H001_single_query_correction,0.01633541137761831,0.9774288355560394,0.0,250.0,0.0
512,250,0.1,2,disjoint_sample_splitting,0.05974412385929182,0.7680854532844991,0.0875,16.0,0.0
512,250,0.1,2,fresh_audit_oracle,0.0,1.0,0.0,250.0,0.0
512,250,0.1,2,generic_holdout_binary_release,0.02862495271901593,0.9292308640218895,0.0472,250.0,0.0
512,250,0.1,2,naive_exact_audit_reuse,0.018604707552210015,0.9761786874558684,0.0,250.0,0.0
512,250,0.1,2,once_trained_private_reward_model,0.06295380083577429,0.655587248673523,0.054400000000000004,250.0,0.0
512,250,0.1,2,privacy_stable_reusable_audit_gradient,0.17153273411497824,0.35177254141218467,0.2816,250.0,0.09999999999999962
512,250,0.1,2,reusable_holdout_thresholdout,0.029524769989672163,0.9658741838648408,0.0,250.0,0.0
512,250,0.1,8,H001_single_query_correction,0.008980154997334544,0.9937599147275475,0.0,250.0,0.0
512,250,0.1,8,disjoint_sample_splitting,0.0335759073663716,0.9244533185778077,0.0,16.0,0.0
512,250,0.1,8,fresh_audit_oracle,0.0,1.0,0.0,250.0,0.0
512,250,0.1,8,generic_holdout_binary_release,0.014115922608501887,0.9855662516432921,0.0,250.0,0.0
512,250,0.1,8,naive_exact_audit_reuse,0.008973468899330098,0.9942151223028708,0.0,250.0,0.0
512,250,0.1,8,once_trained_private_reward_model,0.15694827513322618,0.5640436614367403,0.029600000000000005,250.0,0.0
512,250,0.1,8,privacy_stable_reusable_audit_gradient,0.37657999723379937,0.19097268959161254,0.28559999999999997,250.0,0.09999999999999962
512,250,0.1,8,reusable_holdout_thresholdout,0.014115922608501887,0.9855662516432921,0.0,250.0,0.0
512,250,0.1,32,H001_single_query_correction,0.004184408471436759,0.9986266982551548,0.0,250.0,0.0
512,250,0.1,32,disjoint_sample_splitting,0.016972939271680376,0.9785198324164297,0.0,16.0,0.0
512,250,0.1,32,fresh_audit_oracle,0.0,1.0,0.0,250.0,0.0
512,250,0.1,32,generic_holdout_binary_release,0.006504430947917017,0.9967198592325553,0.0,250.0,0.0
512,250,0.1,32,naive_exact_audit_reuse,0.004639335641132505,0.99833756125755,0.0,250.0,0.0
512,250,0.1,32,once_trained_private_reward_model,0.39333255098917663,0.2099005227244913,0.132,250.0,0.0
512,250,0.1,32,privacy_stable_reusable_audit_gradient,0.7763362281565913,0.10143009816236345,0.26480000000000004,250.0,0.09999999999999962
512,250,0.1,32,reusable_holdout_thresholdout,0.006504430947917017,0.9967198592325553,0.0,250.0,0.0
512,250,0.3,2,H001_single_query_correction,0.01633541137761831,0.9774288355560394,0.0,250.0,0.0
512,250,0.3,2,disjoint_sample_splitting,0.05974412385929182,0.7680854532844991,0.0875,16.0,0.0
512,250,0.3,2,fresh_audit_oracle,0.0,1.0,0.0,250.0,0.0
512,250,0.3,2,generic_holdout_binary_release,0.02862495271901593,0.9292308640218895,0.0472,250.0,0.0
512,250,0.3,2,naive_exact_audit_reuse,0.018604707552210015,0.9761786874558684,0.0,250.0,0.0
512,250,0.3,2,once_trained_private_reward_model,0.03526840981877058,0.9182706268941621,0.0,250.0,0.0
512,250,0.3,2,privacy_stable_reusable_audit_gradient,0.10520119215252788,0.5561891274181486,0.1592,250.0,0.30000000000000016
512,250,0.3,2,reusable_holdout_thresholdout,0.02941646308801995,0.966094868921069,0.0,250.0,0.0
512,250,0.3,8,H001_single_query_correction,0.008980154997334544,0.9937599147275475,0.0,250.0,0.0
512,250,0.3,8,disjoint_sample_splitting,0.0335759073663716,0.9244533185778077,0.0,16.0,0.0
512,250,0.3,8,fresh_audit_oracle,0.0,1.0,0.0,250.0,0.0
512,250,0.3,8,generic_holdout_binary_release,0.014115922608501887,0.9855662516432921,0.0,250.0,0.0
512,250,0.3,8,naive_exact_audit_reuse,0.008973468899330098,0.9942151223028708,0.0,250.0,0.0
512,250,0.3,8,once_trained_private_reward_model,0.11227618370345056,0.5670377733081093,0.016,250.0,0.0
512,250,0.3,8,privacy_stable_reusable_audit_gradient,0.21782548844803679,0.32789889674593464,0.15919999999999998,250.0,0.30000000000000016
512,250,0.3,8,reusable_holdout_thresholdout,0.014115922608501887,0.9855662516432921,0.0,250.0,0.0
512,250,0.3,32,H001_single_query_correction,0.004184408471436759,0.9986266982551548,0.0,250.0,0.0
512,250,0.3,32,disjoint_sample_splitting,0.016972939271680376,0.9785198324164297,0.0,16.0,0.0
512,250,0.3,32,fresh_audit_oracle,0.0,1.0,0.0,250.0,0.0
512,250,0.3,32,generic_holdout_binary_release,0.006504430947917017,0.9967198592325553,0.0,250.0,0.0
512,250,0.3,32,naive_exact_audit_reuse,0.004639335641132505,0.99833756125755,0.0,250.0,0.0
512,250,0.3,32,once_trained_private_reward_model,0.22446098453924282,0.37031380098638444,0.0152,250.0,0.0
512,250,0.3,32,privacy_stable_reusable_audit_gradient,0.44602691245524284,0.17284801840282357,0.1544,250.0,0.30000000000000016
512,250,0.3,32,reusable_holdout_thresholdout,0.006504430947917017,0.9967198592325553,0.0,250.0,0.0
512,250,1.0,2,H001_single_query_correction,0.01633541137761831,0.9774288355560394,0.0,250.0,0.0
512,250,1.0,2,disjoint_sample_splitting,0.05974412385929182,0.7680854532844991,0.0875,16.0,0.0
512,250,1.0,2,fresh_audit_oracle,0.0,1.0,0.0,250.0,0.0
512,250,1.0,2,generic_holdout_binary_release,0.02862495271901593,0.9292308640218895,0.0472,250.0,0.0
512,250,1.0,2,naive_exact_audit_reuse,0.018604707552210015,0.9761786874558684,0.0,250.0,0.0
512,250,1.0,2,once_trained_private_reward_model,0.031830197901297284,0.9394933832491026,0.0,250.0,0.0
512,250,1.0,2,privacy_stable_reusable_audit_gradient,0.05612227650842096,0.7882341434508643,0.054400000000000004,250.0,1.0000000000000007
512,250,1.0,2,reusable_holdout_thresholdout,0.029339053725816376,0.9480652293505445,0.0,250.0,0.0
512,250,1.0,8,H001_single_query_correction,0.008980154997334544,0.9937599147275475,0.0,250.0,0.0
512,250,1.0,8,disjoint_sample_splitting,0.0335759073663716,0.9244533185778077,0.0,16.0,0.0
512,250,1.0,8,fresh_audit_oracle,0.0,1.0,0.0,250.0,0.0
512,250,1.0,8,generic_holdout_binary_release,0.014115922608501887,0.9855662516432921,0.0,250.0,0.0
512,250,1.0,8,naive_exact_audit_reuse,0.008973468899330098,0.9942151223028708,0.0,250.0,0.0
512,250,1.0,8,once_trained_private_reward_model,0.06107332620250139,0.796697547418886,0.0,250.0,0.0
512,250,1.0,8,privacy_stable_reusable_audit_gradient,0.1200136077905821,0.5407066976724885,0.0264,250.0,1.0000000000000007
512,250,1.0,8,reusable_holdout_thresholdout,0.014115922608501887,0.9855662516432921,0.0,250.0,0.0
512,250,1.0,32,H001_single_query_correction,0.004184408471436759,0.9986266982551548,0.0,250.0,0.0
512,250,1.0,32,disjoint_sample_splitting,0.016972939271680376,0.9785198324164297,0.0,16.0,0.0
512,250,1.0,32,fresh_audit_oracle,0.0,1.0,0.0,250.0,0.0
512,250,1.0,32,generic_holdout_binary_release,0.006504430947917017,0.9967198592325553,0.0,250.0,0.0
512,250,1.0,32,naive_exact_audit_reuse,0.004639335641132505,0.99833756125755,0.0,250.0,0.0
512,250,1.0,32,once_trained_private_reward_model,0.12233818531540644,0.5262347399759969,0.0,250.0,0.0
512,250,1.0,32,privacy_stable_reusable_audit_gradient,0.2462684642429341,0.30875856380533645,0.0376,250.0,1.0000000000000007
512,250,1.0,32,reusable_holdout_thresholdout,0.006504430947917017,0.9967198592325553,0.0,250.0,0.0
512,250,3.0,2,H001_single_query_correction,0.01633541137761831,0.9774288355560394,0.0,250.0,0.0
512,250,3.0,2,disjoint_sample_splitting,0.05974412385929182,0.7680854532844991,0.0875,16.0,0.0
512,250,3.0,2,fresh_audit_oracle,0.0,1.0,0.0,250.0,0.0
512,250,3.0,2,generic_holdout_binary_release,0.02862495271901593,0.9292308640218895,0.0472,250.0,0.0
512,250,3.0,2,naive_exact_audit_reuse,0.018604707552210015,0.9761786874558684,0.0,250.0,0.0
512,250,3.0,2,once_trained_private_reward_model,0.020183331153293,0.9653572305534963,0.0,250.0,0.0
512,250,3.0,2,privacy_stable_reusable_audit_gradient,0.03779597215204803,0.9133178950248426,0.0008,250.0,3.000000000000002
512,250,3.0,2,reusable_holdout_thresholdout,0.029461793683737848,0.9660126328221136,0.0,250.0,0.0
512,250,3.0,8,H001_single_query_correction,0.008980154997334544,0.9937599147275475,0.0,250.0,0.0
512,250,3.0,8,disjoint_sample_splitting,0.0335759073663716,0.9244533185778077,0.0,16.0,0.0
512,250,3.0,8,fresh_audit_oracle,0.0,1.0,0.0,250.0,0.0
512,250,3.0,8,generic_holdout_binary_release,0.014115922608501887,0.9855662516432921,0.0,250.0,0.0
512,250,3.0,8,naive_exact_audit_reuse,0.008973468899330098,0.9942151223028708,0.0,250.0,0.0
512,250,3.0,8,once_trained_private_reward_model,0.030008769920572536,0.9347705795823458,0.0,250.0,0.0
512,250,3.0,8,privacy_stable_reusable_audit_gradient,0.07017061629667296,0.7542666268547811,0.0024000000000000002,250.0,3.000000000000002
512,250,3.0,8,reusable_holdout_thresholdout,0.014115922608501887,0.9855662516432921,0.0,250.0,0.0
512,250,3.0,32,H001_single_query_correction,0.004184408471436759,0.9986266982551548,0.0,250.0,0.0
512,250,3.0,32,disjoint_sample_splitting,0.016972939271680376,0.9785198324164297,0.0,16.0,0.0
512,250,3.0,32,fresh_audit_oracle,0.0,1.0,0.0,250.0,0.0
512,250,3.0,32,generic_holdout_binary_release,0.006504430947917017,0.9967198592325553,0.0,250.0,0.0
512,250,3.0,32,naive_exact_audit_reuse,0.004639335641132505,0.99833756125755,0.0,250.0,0.0
512,250,3.0,32,once_trained_private_reward_model,0.07427577152267766,0.7208346561095329,0.0,250.0,0.0
512,250,3.0,32,privacy_stable_reusable_audit_gradient,0.14127585107203414,0.4892287431049587,0.0,250.0,3.000000000000002
512,250,3.0,32,reusable_holdout_thresholdout,0.006504430947917017,0.9967198592325553,0.0,250.0,0.0
